"shard","objects","proven","unproven","proofs","valid_proofs","canonical_hash","roundtrip"
"shard-000","400","172","228","172","172","628fb1297f2154cac7a9d7313fc30441f01532a38bacb2dcf9d1159e4a7331fb","RECOVERED"
"shard-001","400","186","214","186","186","320c924758118fc901236cf41e6559da223f73cd4d3d038753c5dde7bd22e628","RECOVERED"
"shard-002","400","177","223","177","177","7ba98efa005bd7fa49b1a3baad3223cda3ca9ba064e4bf4c8bd967e3a360926f","RECOVERED"
"shard-003","400","164","236","164","164","25ba9a321c2050eb4fd724b228e7b7c8ce310b68d264b5394e1a525749771d26","RECOVERED"
"shard-004","400","189","211","189","189","ff5db717610b316977285d26a0c4482ea3d42a1356ac9dff35c02d0ac231f4dc","RECOVERED"
"shard-005","400","188","212","188","188","ab4c9de1971003cadaf4296b2daa06317cd1f158dfcfb4f08717e4826dde4117","RECOVERED"
"shard-006","400","172","228","172","172","98d957a9fc4eeb0bf4846f4c0bb21fb031924232e17a05a92143225048104b4e","RECOVERED"
"shard-007","400","182","218","182","182","8ebb62284b45809aa6a736c57c3a1dd54518e5f938a1773c86d60ed8d81dae67","RECOVERED"
"shard-008","400","184","216","184","184","a0bfeb7f73bf5e1126ba53f7d409a2cad6b5c8c64c8e16a309f407cb5247e514","RECOVERED"
"shard-009","400","172","228","172","172","4d06be1c09a529f8adc088518f1f9c0bcbda1ccfa6f456e634b7814d9bc5d979","RECOVERED"
"shard-010","400","192","208","192","192","c83f1a8bc7d9c7934ffda0c14c4e07dc015548d1c28863510c9c2fc4099627f2","RECOVERED"
"shard-011","400","163","237","163","163","72a1b4b76c5afad2a56ab40dcc2be3c12a4732b341a736147eb9345e9d0ba08b","RECOVERED"
"shard-012","400","181","219","181","181","a43bd5c316239747e5eb4e1578b745f45395491d1535b60dd4c9a47d39f85e0a","RECOVERED"
"shard-013","400","174","226","174","174","990f6bb02c94beef3a94eb6f3f48d9d0f9f6afcebcd825b922307dd5a53f4e9a","RECOVERED"
"shard-014","400","173","227","173","173","cb1017e272bc802f54c3e0f759fb5ed8b064aec336fb39f58b2c0e8253234816","RECOVERED"
"shard-015","2","1","1","1","1","6e0f380a80e0ae4825b090793c20bf977b6575238d087a1e316bf585f4cce9f5","RECOVERED"
