"source_id","relation","target_id"
"obj.Kant.Cli.Loaded.invitation.injEq","OUTPUT_OF","proof.Kant.Cli.Loaded.invitation.injEq"
"proof.Kant.Cli.Loaded.invitation.injEq","PROVES","obj.Kant.Cli.Loaded.invitation.injEq"
"obj.Kant.Cli.Loaded.invitation.injEq","PROVEN_BY","proof.Kant.Cli.Loaded.invitation.injEq"
"obj.Kant.Codec.resolve.eq_1","OUTPUT_OF","proof.Kant.Codec.resolve.eq_1"
"proof.Kant.Codec.resolve.eq_1","PROVES","obj.Kant.Codec.resolve.eq_1"
"obj.Kant.Codec.resolve.eq_1","PROVEN_BY","proof.Kant.Codec.resolve.eq_1"
"obj.Kant.Codec.optVal","INPUT_TO","proof.Kant.Codec.Inp.ofVal_toVal"
"obj.Kant.Codec.Inp.ofVal_toVal","OUTPUT_OF","proof.Kant.Codec.Inp.ofVal_toVal"
"proof.Kant.Codec.Inp.ofVal_toVal","PROVES","obj.Kant.Codec.Inp.ofVal_toVal"
"obj.Kant.Codec.Inp.ofVal_toVal","PROVEN_BY","proof.Kant.Codec.Inp.ofVal_toVal"
"proof.Kant.Codec.Inp.ofVal_toVal","DEPENDS_ON","proof.Kant.Codec.optVal"
"obj.Kant.SiteCard.chatText.eq_1","OUTPUT_OF","proof.Kant.SiteCard.chatText.eq_1"
"proof.Kant.SiteCard.chatText.eq_1","PROVES","obj.Kant.SiteCard.chatText.eq_1"
"obj.Kant.SiteCard.chatText.eq_1","PROVEN_BY","proof.Kant.SiteCard.chatText.eq_1"
"obj.Kant.Onboarding.Progress.mk.inj","OUTPUT_OF","proof.Kant.Onboarding.Progress.mk.inj"
"proof.Kant.Onboarding.Progress.mk.inj","PROVES","obj.Kant.Onboarding.Progress.mk.inj"
"obj.Kant.Onboarding.Progress.mk.inj","PROVEN_BY","proof.Kant.Onboarding.Progress.mk.inj"
"obj.Kant.Strip.strip_fits_social","OUTPUT_OF","proof.Kant.Strip.strip_fits_social"
"proof.Kant.Strip.strip_fits_social","PROVES","obj.Kant.Strip.strip_fits_social"
"obj.Kant.Strip.strip_fits_social","PROVEN_BY","proof.Kant.Strip.strip_fits_social"
"obj.Kant.Codec.Val.list.injEq","OUTPUT_OF","proof.Kant.Codec.Val.list.injEq"
"proof.Kant.Codec.Val.list.injEq","PROVES","obj.Kant.Codec.Val.list.injEq"
"obj.Kant.Codec.Val.list.injEq","PROVEN_BY","proof.Kant.Codec.Val.list.injEq"
"obj.Kant.Sheaf.Encoding.stego.sizeOf_spec","OUTPUT_OF","proof.Kant.Sheaf.Encoding.stego.sizeOf_spec"
"proof.Kant.Sheaf.Encoding.stego.sizeOf_spec","PROVES","obj.Kant.Sheaf.Encoding.stego.sizeOf_spec"
"obj.Kant.Sheaf.Encoding.stego.sizeOf_spec","PROVEN_BY","proof.Kant.Sheaf.Encoding.stego.sizeOf_spec"
"obj.Kant.Uucp.bag_fits_qr","OUTPUT_OF","proof.Kant.Uucp.bag_fits_qr"
"proof.Kant.Uucp.bag_fits_qr","PROVES","obj.Kant.Uucp.bag_fits_qr"
"obj.Kant.Uucp.bag_fits_qr","PROVEN_BY","proof.Kant.Uucp.bag_fits_qr"
"obj.Kant.Codec.Outp.id","INPUT_TO","proof.Kant.Codec.Outp.toVal.eq_1"
"obj.Kant.Codec.optVal","INPUT_TO","proof.Kant.Codec.Outp.toVal.eq_1"
"obj.Kant.Codec.Outp.toVal.eq_1","OUTPUT_OF","proof.Kant.Codec.Outp.toVal.eq_1"
"proof.Kant.Codec.Outp.toVal.eq_1","PROVES","obj.Kant.Codec.Outp.toVal.eq_1"
"obj.Kant.Codec.Outp.toVal.eq_1","PROVEN_BY","proof.Kant.Codec.Outp.toVal.eq_1"
"proof.Kant.Codec.Outp.toVal.eq_1","DEPENDS_ON","proof.Kant.Codec.Outp.id"
"proof.Kant.Codec.Outp.toVal.eq_1","DEPENDS_ON","proof.Kant.Codec.optVal"
"obj.Kant.Dom.Event.derivedBy.sizeOf_spec","OUTPUT_OF","proof.Kant.Dom.Event.derivedBy.sizeOf_spec"
"proof.Kant.Dom.Event.derivedBy.sizeOf_spec","PROVES","obj.Kant.Dom.Event.derivedBy.sizeOf_spec"
"obj.Kant.Dom.Event.derivedBy.sizeOf_spec","PROVEN_BY","proof.Kant.Dom.Event.derivedBy.sizeOf_spec"
"obj.Kant.Wasm.BinOp","INPUT_TO","proof.Kant.Wasm.Decode.RawInstr.binop.sizeOf_spec"
"obj.Kant.Wasm.Decode.RawInstr","INPUT_TO","proof.Kant.Wasm.Decode.RawInstr.binop.sizeOf_spec"
"obj.Kant.Wasm.Decode.RawInstr.binop.sizeOf_spec","OUTPUT_OF","proof.Kant.Wasm.Decode.RawInstr.binop.sizeOf_spec"
"proof.Kant.Wasm.Decode.RawInstr.binop.sizeOf_spec","PROVES","obj.Kant.Wasm.Decode.RawInstr.binop.sizeOf_spec"
"obj.Kant.Wasm.Decode.RawInstr.binop.sizeOf_spec","PROVEN_BY","proof.Kant.Wasm.Decode.RawInstr.binop.sizeOf_spec"
"proof.Kant.Wasm.Decode.RawInstr.binop.sizeOf_spec","DEPENDS_ON","proof.Kant.Wasm.BinOp"
"proof.Kant.Wasm.Decode.RawInstr.binop.sizeOf_spec","DEPENDS_ON","proof.Kant.Wasm.Decode.RawInstr"
"obj.Kant.Onboarding.start","INPUT_TO","proof.Kant.Onboarding.screen_reachable"
"obj.Kant.Onboarding.screen_reachable","OUTPUT_OF","proof.Kant.Onboarding.screen_reachable"
"proof.Kant.Onboarding.screen_reachable","PROVES","obj.Kant.Onboarding.screen_reachable"
"obj.Kant.Onboarding.screen_reachable","PROVEN_BY","proof.Kant.Onboarding.screen_reachable"
"proof.Kant.Onboarding.screen_reachable","DEPENDS_ON","proof.Kant.Onboarding.start"
"obj.Kant.Stego.bitsByte_byteBits","INPUT_TO","proof.Kant.Stego.fromBits_toBits"
"obj.Kant.Stego.fromBits_toBits","OUTPUT_OF","proof.Kant.Stego.fromBits_toBits"
"proof.Kant.Stego.fromBits_toBits","PROVES","obj.Kant.Stego.fromBits_toBits"
"obj.Kant.Stego.fromBits_toBits","PROVEN_BY","proof.Kant.Stego.fromBits_toBits"
"proof.Kant.Stego.fromBits_toBits","DEPENDS_ON","proof.Kant.Stego.bitsByte_byteBits"
"obj.Kant.CodeMovie.Circuit.casesOn","INPUT_TO","proof.Kant.CodeMovie.Circuit.brecOn.eq"
"obj.Kant.CodeMovie.Circuit.brecOn.eq","OUTPUT_OF","proof.Kant.CodeMovie.Circuit.brecOn.eq"
"proof.Kant.CodeMovie.Circuit.brecOn.eq","PROVES","obj.Kant.CodeMovie.Circuit.brecOn.eq"
"obj.Kant.CodeMovie.Circuit.brecOn.eq","PROVEN_BY","proof.Kant.CodeMovie.Circuit.brecOn.eq"
"proof.Kant.CodeMovie.Circuit.brecOn.eq","DEPENDS_ON","proof.Kant.CodeMovie.Circuit.casesOn"
"obj.Kant.Codec.xEntryMid.eq_1","OUTPUT_OF","proof.Kant.Codec.xEntryMid.eq_1"
"proof.Kant.Codec.xEntryMid.eq_1","PROVES","obj.Kant.Codec.xEntryMid.eq_1"
"obj.Kant.Codec.xEntryMid.eq_1","PROVEN_BY","proof.Kant.Codec.xEntryMid.eq_1"
"obj.Kant.Cli.decAux.eq_1","OUTPUT_OF","proof.Kant.Cli.decAux.eq_1"
"proof.Kant.Cli.decAux.eq_1","PROVES","obj.Kant.Cli.decAux.eq_1"
"obj.Kant.Cli.decAux.eq_1","PROVEN_BY","proof.Kant.Cli.decAux.eq_1"
"obj.Kant.Codec.embed.eq_1","OUTPUT_OF","proof.Kant.Codec.embed.eq_1"
"proof.Kant.Codec.embed.eq_1","PROVES","obj.Kant.Codec.embed.eq_1"
"obj.Kant.Codec.embed.eq_1","PROVEN_BY","proof.Kant.Codec.embed.eq_1"
"obj.Kant.Dom.Schema.toVal.eq_1","OUTPUT_OF","proof.Kant.Dom.Schema.toVal.eq_1"
"proof.Kant.Dom.Schema.toVal.eq_1","PROVES","obj.Kant.Dom.Schema.toVal.eq_1"
"obj.Kant.Dom.Schema.toVal.eq_1","PROVEN_BY","proof.Kant.Dom.Schema.toVal.eq_1"
"obj.Kant.Codec.digitVal","INPUT_TO","proof.Kant.Codec.readNumY_encNumY"
"obj.Kant.Codec.readNumY_encNumY","OUTPUT_OF","proof.Kant.Codec.readNumY_encNumY"
"proof.Kant.Codec.readNumY_encNumY","PROVES","obj.Kant.Codec.readNumY_encNumY"
"obj.Kant.Codec.readNumY_encNumY","PROVEN_BY","proof.Kant.Codec.readNumY_encNumY"
"proof.Kant.Codec.readNumY_encNumY","DEPENDS_ON","proof.Kant.Codec.digitVal"
"obj.Kant.Dom.scanVal.eq_1","OUTPUT_OF","proof.Kant.Dom.scanVal.eq_1"
"proof.Kant.Dom.scanVal.eq_1","PROVES","obj.Kant.Dom.scanVal.eq_1"
"obj.Kant.Dom.scanVal.eq_1","PROVEN_BY","proof.Kant.Dom.scanVal.eq_1"
"obj.Kant.Codec.diffVal.eq_def","INPUT_TO","proof.Kant.Codec.diffVal.eq_6"
"obj.Kant.Codec.diffVal.eq_6","OUTPUT_OF","proof.Kant.Codec.diffVal.eq_6"
"proof.Kant.Codec.diffVal.eq_6","PROVES","obj.Kant.Codec.diffVal.eq_6"
"obj.Kant.Codec.diffVal.eq_6","PROVEN_BY","proof.Kant.Codec.diffVal.eq_6"
"proof.Kant.Codec.diffVal.eq_6","DEPENDS_ON","proof.Kant.Codec.diffVal.eq_def"
"obj.Kant.Diagnostics.Log.record.eq_1","OUTPUT_OF","proof.Kant.Diagnostics.Log.record.eq_1"
"proof.Kant.Diagnostics.Log.record.eq_1","PROVES","obj.Kant.Diagnostics.Log.record.eq_1"
"obj.Kant.Diagnostics.Log.record.eq_1","PROVEN_BY","proof.Kant.Diagnostics.Log.record.eq_1"
"obj.Kant.SiteCard.chatText_shows_url","OUTPUT_OF","proof.Kant.SiteCard.chatText_shows_url"
"proof.Kant.SiteCard.chatText_shows_url","PROVES","obj.Kant.SiteCard.chatText_shows_url"
"obj.Kant.SiteCard.chatText_shows_url","PROVEN_BY","proof.Kant.SiteCard.chatText_shows_url"
"obj.Kant.Repost.readCard_card","OUTPUT_OF","proof.Kant.Repost.readCard_card"
"proof.Kant.Repost.readCard_card","PROVES","obj.Kant.Repost.readCard_card"
"obj.Kant.Repost.readCard_card","PROVEN_BY","proof.Kant.Repost.readCard_card"
"obj.Kant.Codec.MinProfile.mk.injEq","OUTPUT_OF","proof.Kant.Codec.MinProfile.mk.injEq"
"proof.Kant.Codec.MinProfile.mk.injEq","PROVES","obj.Kant.Codec.MinProfile.mk.injEq"
"obj.Kant.Codec.MinProfile.mk.injEq","PROVEN_BY","proof.Kant.Codec.MinProfile.mk.injEq"
"obj.Kant.Wasm.Kernel.hexDigit_toNat","OUTPUT_OF","proof.Kant.Wasm.Kernel.hexDigit_toNat"
"proof.Kant.Wasm.Kernel.hexDigit_toNat","PROVES","obj.Kant.Wasm.Kernel.hexDigit_toNat"
"obj.Kant.Wasm.Kernel.hexDigit_toNat","PROVEN_BY","proof.Kant.Wasm.Kernel.hexDigit_toNat"
"obj.Kant.PlainText.lines_append","OUTPUT_OF","proof.Kant.PlainText.lines_append"
"proof.Kant.PlainText.lines_append","PROVES","obj.Kant.PlainText.lines_append"
"obj.Kant.PlainText.lines_append","PROVEN_BY","proof.Kant.PlainText.lines_append"
"obj.Kant.Dom.proofsTable.eq_1","OUTPUT_OF","proof.Kant.Dom.proofsTable.eq_1"
"proof.Kant.Dom.proofsTable.eq_1","PROVES","obj.Kant.Dom.proofsTable.eq_1"
"obj.Kant.Dom.proofsTable.eq_1","PROVEN_BY","proof.Kant.Dom.proofsTable.eq_1"
"obj.Kant.Relay.mem_transcript","OUTPUT_OF","proof.Kant.Relay.mem_transcript"
"proof.Kant.Relay.mem_transcript","PROVES","obj.Kant.Relay.mem_transcript"
"obj.Kant.Relay.mem_transcript","PROVEN_BY","proof.Kant.Relay.mem_transcript"
"obj.Kant.SiteCard.splitCh_entry","OUTPUT_OF","proof.Kant.SiteCard.splitCh_entry"
"proof.Kant.SiteCard.splitCh_entry","PROVES","obj.Kant.SiteCard.splitCh_entry"
"obj.Kant.SiteCard.splitCh_entry","PROVEN_BY","proof.Kant.SiteCard.splitCh_entry"
"obj.Kant.Cli.Client.seq","INPUT_TO","proof.Kant.Cli.say_eq_browserSay"
"obj.Kant.Cli.say_eq_browserSay","OUTPUT_OF","proof.Kant.Cli.say_eq_browserSay"
"proof.Kant.Cli.say_eq_browserSay","PROVES","obj.Kant.Cli.say_eq_browserSay"
"obj.Kant.Cli.say_eq_browserSay","PROVEN_BY","proof.Kant.Cli.say_eq_browserSay"
"proof.Kant.Cli.say_eq_browserSay","DEPENDS_ON","proof.Kant.Cli.Client.seq"
"obj.Kant.Wasm.Encode.name.eq_1","OUTPUT_OF","proof.Kant.Wasm.Encode.name.eq_1"
"proof.Kant.Wasm.Encode.name.eq_1","PROVES","obj.Kant.Wasm.Encode.name.eq_1"
"obj.Kant.Wasm.Encode.name.eq_1","PROVEN_BY","proof.Kant.Wasm.Encode.name.eq_1"
"obj.Kant.Onboarding.step.eq_5","OUTPUT_OF","proof.Kant.Onboarding.step.eq_5"
"proof.Kant.Onboarding.step.eq_5","PROVES","obj.Kant.Onboarding.step.eq_5"
"obj.Kant.Onboarding.step.eq_5","PROVEN_BY","proof.Kant.Onboarding.step.eq_5"
"obj.Kant.Wasm.Func.mk.injEq","OUTPUT_OF","proof.Kant.Wasm.Func.mk.injEq"
"proof.Kant.Wasm.Func.mk.injEq","PROVES","obj.Kant.Wasm.Func.mk.injEq"
"obj.Kant.Wasm.Func.mk.injEq","PROVEN_BY","proof.Kant.Wasm.Func.mk.injEq"
"obj.Kant.CardDebug.Code.page.injEq","OUTPUT_OF","proof.Kant.CardDebug.Code.page.injEq"
"proof.Kant.CardDebug.Code.page.injEq","PROVES","obj.Kant.CardDebug.Code.page.injEq"
"obj.Kant.CardDebug.Code.page.injEq","PROVEN_BY","proof.Kant.CardDebug.Code.page.injEq"
"obj.Kant.Uucp.Site.serve_static","OUTPUT_OF","proof.Kant.Uucp.Site.serve_static"
"proof.Kant.Uucp.Site.serve_static","PROVES","obj.Kant.Uucp.Site.serve_static"
"obj.Kant.Uucp.Site.serve_static","PROVEN_BY","proof.Kant.Uucp.Site.serve_static"
"obj.Kant.Codec.yamlEncFields.eq_1","OUTPUT_OF","proof.Kant.Codec.yamlEncFields.eq_1"
"proof.Kant.Codec.yamlEncFields.eq_1","PROVES","obj.Kant.Codec.yamlEncFields.eq_1"
"obj.Kant.Codec.yamlEncFields.eq_1","PROVEN_BY","proof.Kant.Codec.yamlEncFields.eq_1"
"obj.Kant.Codec.Prov.mk.sizeOf_spec","OUTPUT_OF","proof.Kant.Codec.Prov.mk.sizeOf_spec"
"proof.Kant.Codec.Prov.mk.sizeOf_spec","PROVES","obj.Kant.Codec.Prov.mk.sizeOf_spec"
"obj.Kant.Codec.Prov.mk.sizeOf_spec","PROVEN_BY","proof.Kant.Codec.Prov.mk.sizeOf_spec"
"obj.Kant.Wasm.Expr.wfb","INPUT_TO","proof.Kant.Wasm.Expr.wf_of_wfb"
"obj.Kant.Wasm.Expr.Wf","INPUT_TO","proof.Kant.Wasm.Expr.wf_of_wfb"
"obj.Kant.Wasm.Expr.below","INPUT_TO","proof.Kant.Wasm.Expr.wf_of_wfb"
"obj.Kant.Wasm.BinOp","INPUT_TO","proof.Kant.Wasm.Expr.wf_of_wfb"
"obj.Kant.Wasm.Expr.wf_of_wfb","OUTPUT_OF","proof.Kant.Wasm.Expr.wf_of_wfb"
"proof.Kant.Wasm.Expr.wf_of_wfb","PROVES","obj.Kant.Wasm.Expr.wf_of_wfb"
"obj.Kant.Wasm.Expr.wf_of_wfb","PROVEN_BY","proof.Kant.Wasm.Expr.wf_of_wfb"
"proof.Kant.Wasm.Expr.wf_of_wfb","DEPENDS_ON","proof.Kant.Wasm.Expr.wfb"
"proof.Kant.Wasm.Expr.wf_of_wfb","DEPENDS_ON","proof.Kant.Wasm.Expr.Wf"
"proof.Kant.Wasm.Expr.wf_of_wfb","DEPENDS_ON","proof.Kant.Wasm.Expr.below"
"proof.Kant.Wasm.Expr.wf_of_wfb","DEPENDS_ON","proof.Kant.Wasm.BinOp"
"obj.Kant.Codec.xescChar.eq_1","OUTPUT_OF","proof.Kant.Codec.xescChar.eq_1"
"proof.Kant.Codec.xescChar.eq_1","PROVES","obj.Kant.Codec.xescChar.eq_1"
"obj.Kant.Codec.xescChar.eq_1","PROVEN_BY","proof.Kant.Codec.xescChar.eq_1"
"obj.Kant.Diagnostics.tagLog.eq_1","OUTPUT_OF","proof.Kant.Diagnostics.tagLog.eq_1"
"proof.Kant.Diagnostics.tagLog.eq_1","PROVES","obj.Kant.Diagnostics.tagLog.eq_1"
"obj.Kant.Diagnostics.tagLog.eq_1","PROVEN_BY","proof.Kant.Diagnostics.tagLog.eq_1"
"obj.Kant.Uucp.natToBytesBE_length_le","OUTPUT_OF","proof.Kant.Uucp.natToBytesBE_length_le"
"proof.Kant.Uucp.natToBytesBE_length_le","PROVES","obj.Kant.Uucp.natToBytesBE_length_le"
"obj.Kant.Uucp.natToBytesBE_length_le","PROVEN_BY","proof.Kant.Uucp.natToBytesBE_length_le"
"obj.Kant.Rendezvous.Announce","INPUT_TO","proof.Kant.Rendezvous.best_congr"
"obj.Kant.Rendezvous.IsBest","INPUT_TO","proof.Kant.Rendezvous.best_congr"
"obj.Kant.Rendezvous.best_congr","OUTPUT_OF","proof.Kant.Rendezvous.best_congr"
"proof.Kant.Rendezvous.best_congr","PROVES","obj.Kant.Rendezvous.best_congr"
"obj.Kant.Rendezvous.best_congr","PROVEN_BY","proof.Kant.Rendezvous.best_congr"
"proof.Kant.Rendezvous.best_congr","DEPENDS_ON","proof.Kant.Rendezvous.Announce"
"proof.Kant.Rendezvous.best_congr","DEPENDS_ON","proof.Kant.Rendezvous.IsBest"
"obj.Kant.Wasm.Encode.binOpcode.eq_2","OUTPUT_OF","proof.Kant.Wasm.Encode.binOpcode.eq_2"
"proof.Kant.Wasm.Encode.binOpcode.eq_2","PROVES","obj.Kant.Wasm.Encode.binOpcode.eq_2"
"obj.Kant.Wasm.Encode.binOpcode.eq_2","PROVEN_BY","proof.Kant.Wasm.Encode.binOpcode.eq_2"
"obj.Kant.Clipboard.decodeList.eq_1","OUTPUT_OF","proof.Kant.Clipboard.decodeList.eq_1"
"proof.Kant.Clipboard.decodeList.eq_1","PROVES","obj.Kant.Clipboard.decodeList.eq_1"
"obj.Kant.Clipboard.decodeList.eq_1","PROVEN_BY","proof.Kant.Clipboard.decodeList.eq_1"
"obj.Kant.Codec.xNull.eq_1","OUTPUT_OF","proof.Kant.Codec.xNull.eq_1"
"proof.Kant.Codec.xNull.eq_1","PROVES","obj.Kant.Codec.xNull.eq_1"
"obj.Kant.Codec.xNull.eq_1","PROVEN_BY","proof.Kant.Codec.xNull.eq_1"
"obj.Kant.Credits.Ledger.spendLog","INPUT_TO","proof.Kant.Credits.Ledger.spend_valid"
"obj.Kant.Credits.Ledger.spend_valid","OUTPUT_OF","proof.Kant.Credits.Ledger.spend_valid"
"proof.Kant.Credits.Ledger.spend_valid","PROVES","obj.Kant.Credits.Ledger.spend_valid"
"obj.Kant.Credits.Ledger.spend_valid","PROVEN_BY","proof.Kant.Credits.Ledger.spend_valid"
"proof.Kant.Credits.Ledger.spend_valid","DEPENDS_ON","proof.Kant.Credits.Ledger.spendLog"
"obj.Kant.Onboarding.back_goes_home","OUTPUT_OF","proof.Kant.Onboarding.back_goes_home"
"proof.Kant.Onboarding.back_goes_home","PROVES","obj.Kant.Onboarding.back_goes_home"
"obj.Kant.Onboarding.back_goes_home","PROVEN_BY","proof.Kant.Onboarding.back_goes_home"
"obj.Kant.Codec.ImportReport.mk.inj","OUTPUT_OF","proof.Kant.Codec.ImportReport.mk.inj"
"proof.Kant.Codec.ImportReport.mk.inj","PROVES","obj.Kant.Codec.ImportReport.mk.inj"
"obj.Kant.Codec.ImportReport.mk.inj","PROVEN_BY","proof.Kant.Codec.ImportReport.mk.inj"
"obj.Kant.Clipboard.fragment.eq_def","OUTPUT_OF","proof.Kant.Clipboard.fragment.eq_def"
"proof.Kant.Clipboard.fragment.eq_def","PROVES","obj.Kant.Clipboard.fragment.eq_def"
"obj.Kant.Clipboard.fragment.eq_def","PROVEN_BY","proof.Kant.Clipboard.fragment.eq_def"
"obj.Kant.PlainText.takeWhile_lines_render","OUTPUT_OF","proof.Kant.PlainText.takeWhile_lines_render"
"proof.Kant.PlainText.takeWhile_lines_render","PROVES","obj.Kant.PlainText.takeWhile_lines_render"
"obj.Kant.PlainText.takeWhile_lines_render","PROVEN_BY","proof.Kant.PlainText.takeWhile_lines_render"
"obj.Kant.Cli.curlLine","INPUT_TO","proof.Kant.Cli.parseCurlLine_curlLine"
"obj.Kant.Cli.parseCurlLine_curlLine","OUTPUT_OF","proof.Kant.Cli.parseCurlLine_curlLine"
"proof.Kant.Cli.parseCurlLine_curlLine","PROVES","obj.Kant.Cli.parseCurlLine_curlLine"
"obj.Kant.Cli.parseCurlLine_curlLine","PROVEN_BY","proof.Kant.Cli.parseCurlLine_curlLine"
"proof.Kant.Cli.parseCurlLine_curlLine","DEPENDS_ON","proof.Kant.Cli.curlLine"
"obj.Kant.Codec.esc.eq_1","OUTPUT_OF","proof.Kant.Codec.esc.eq_1"
"proof.Kant.Codec.esc.eq_1","PROVES","obj.Kant.Codec.esc.eq_1"
"obj.Kant.Codec.esc.eq_1","PROVEN_BY","proof.Kant.Codec.esc.eq_1"
"obj.Kant.Codec.minOfVal.eq_2","OUTPUT_OF","proof.Kant.Codec.minOfVal.eq_2"
"proof.Kant.Codec.minOfVal.eq_2","PROVES","obj.Kant.Codec.minOfVal.eq_2"
"obj.Kant.Codec.minOfVal.eq_2","PROVEN_BY","proof.Kant.Codec.minOfVal.eq_2"
"obj.Kant.Dasl.daslHex.eq_1","OUTPUT_OF","proof.Kant.Dasl.daslHex.eq_1"
"proof.Kant.Dasl.daslHex.eq_1","PROVES","obj.Kant.Dasl.daslHex.eq_1"
"obj.Kant.Dasl.daslHex.eq_1","PROVEN_BY","proof.Kant.Dasl.daslHex.eq_1"
"obj.Kant.Credits.Ledger.spendLog","INPUT_TO","proof.Kant.Credits.Ledger.serve_valid"
"obj.Kant.Credits.Ledger.serve_valid","OUTPUT_OF","proof.Kant.Credits.Ledger.serve_valid"
"proof.Kant.Credits.Ledger.serve_valid","PROVES","obj.Kant.Credits.Ledger.serve_valid"
"obj.Kant.Credits.Ledger.serve_valid","PROVEN_BY","proof.Kant.Credits.Ledger.serve_valid"
"proof.Kant.Credits.Ledger.serve_valid","DEPENDS_ON","proof.Kant.Credits.Ledger.spendLog"
"obj.Kant.Wasm.Leb128.uleb.induct","OUTPUT_OF","proof.Kant.Wasm.Leb128.uleb.induct"
"proof.Kant.Wasm.Leb128.uleb.induct","PROVES","obj.Kant.Wasm.Leb128.uleb.induct"
"obj.Kant.Wasm.Leb128.uleb.induct","PROVEN_BY","proof.Kant.Wasm.Leb128.uleb.induct"
"obj.Kant.Codec.xmlEnc","INPUT_TO","proof.Kant.Codec.xmlEnc.eq_6"
"obj.Kant.Codec.xmlEnc.eq_6","OUTPUT_OF","proof.Kant.Codec.xmlEnc.eq_6"
"proof.Kant.Codec.xmlEnc.eq_6","PROVES","obj.Kant.Codec.xmlEnc.eq_6"
"obj.Kant.Codec.xmlEnc.eq_6","PROVEN_BY","proof.Kant.Codec.xmlEnc.eq_6"
"proof.Kant.Codec.xmlEnc.eq_6","DEPENDS_ON","proof.Kant.Codec.xmlEnc"
"obj.Kant.Erdfa.unescape.eq_def","OUTPUT_OF","proof.Kant.Erdfa.unescape.eq_def"
"proof.Kant.Erdfa.unescape.eq_def","PROVES","obj.Kant.Erdfa.unescape.eq_def"
"obj.Kant.Erdfa.unescape.eq_def","PROVEN_BY","proof.Kant.Erdfa.unescape.eq_def"
"obj.Kant.Dom.mapM_map","INPUT_TO","proof.Kant.Dom.relationsTable_recovers"
"obj.Kant.Dom.relationsTable_recovers","OUTPUT_OF","proof.Kant.Dom.relationsTable_recovers"
"proof.Kant.Dom.relationsTable_recovers","PROVES","obj.Kant.Dom.relationsTable_recovers"
"obj.Kant.Dom.relationsTable_recovers","PROVEN_BY","proof.Kant.Dom.relationsTable_recovers"
"proof.Kant.Dom.relationsTable_recovers","DEPENDS_ON","proof.Kant.Dom.mapM_map"
"obj.Kant.Sync.has_sync_iff","OUTPUT_OF","proof.Kant.Sync.has_sync_iff"
"proof.Kant.Sync.has_sync_iff","PROVES","obj.Kant.Sync.has_sync_iff"
"obj.Kant.Sync.has_sync_iff","PROVEN_BY","proof.Kant.Sync.has_sync_iff"
"obj.Kant.CodeMovie.Circuit.tokens.eq_3","OUTPUT_OF","proof.Kant.CodeMovie.Circuit.tokens.eq_3"
"proof.Kant.CodeMovie.Circuit.tokens.eq_3","PROVES","obj.Kant.CodeMovie.Circuit.tokens.eq_3"
"obj.Kant.CodeMovie.Circuit.tokens.eq_3","PROVEN_BY","proof.Kant.CodeMovie.Circuit.tokens.eq_3"
"obj.Kant.PlainText.Meta.Wf.posted","OUTPUT_OF","proof.Kant.PlainText.Meta.Wf.posted"
"proof.Kant.PlainText.Meta.Wf.posted","PROVES","obj.Kant.PlainText.Meta.Wf.posted"
"obj.Kant.PlainText.Meta.Wf.posted","PROVEN_BY","proof.Kant.PlainText.Meta.Wf.posted"
"obj.Kant.Clipboard.pasteReceipt_copyReceipt","OUTPUT_OF","proof.Kant.Clipboard.pasteReceipt_copyReceipt"
"proof.Kant.Clipboard.pasteReceipt_copyReceipt","PROVES","obj.Kant.Clipboard.pasteReceipt_copyReceipt"
"obj.Kant.Clipboard.pasteReceipt_copyReceipt","PROVEN_BY","proof.Kant.Clipboard.pasteReceipt_copyReceipt"
"obj.Kant.Codec.readQuoted_esc","OUTPUT_OF","proof.Kant.Codec.readQuoted_esc"
"proof.Kant.Codec.readQuoted_esc","PROVES","obj.Kant.Codec.readQuoted_esc"
"obj.Kant.Codec.readQuoted_esc","PROVEN_BY","proof.Kant.Codec.readQuoted_esc"
"obj.Kant.Codec.Status.error.sizeOf_spec","OUTPUT_OF","proof.Kant.Codec.Status.error.sizeOf_spec"
"proof.Kant.Codec.Status.error.sizeOf_spec","PROVES","obj.Kant.Codec.Status.error.sizeOf_spec"
"obj.Kant.Codec.Status.error.sizeOf_spec","PROVEN_BY","proof.Kant.Codec.Status.error.sizeOf_spec"
"obj.Kant.Codec.ipdlAnnotKey.eq_1","OUTPUT_OF","proof.Kant.Codec.ipdlAnnotKey.eq_1"
"proof.Kant.Codec.ipdlAnnotKey.eq_1","PROVES","obj.Kant.Codec.ipdlAnnotKey.eq_1"
"obj.Kant.Codec.ipdlAnnotKey.eq_1","PROVEN_BY","proof.Kant.Codec.ipdlAnnotKey.eq_1"
"obj.Kant.Text.isAscii_sep","OUTPUT_OF","proof.Kant.Text.isAscii_sep"
"proof.Kant.Text.isAscii_sep","PROVES","obj.Kant.Text.isAscii_sep"
"obj.Kant.Text.isAscii_sep","PROVEN_BY","proof.Kant.Text.isAscii_sep"
"obj.Kant.Dasl.reflect59_period","OUTPUT_OF","proof.Kant.Dasl.reflect59_period"
"proof.Kant.Dasl.reflect59_period","PROVES","obj.Kant.Dasl.reflect59_period"
"obj.Kant.Dasl.reflect59_period","PROVEN_BY","proof.Kant.Dasl.reflect59_period"
"obj.Kant.Codec.Outp.ofVal.eq_1","OUTPUT_OF","proof.Kant.Codec.Outp.ofVal.eq_1"
"proof.Kant.Codec.Outp.ofVal.eq_1","PROVES","obj.Kant.Codec.Outp.ofVal.eq_1"
"obj.Kant.Codec.Outp.ofVal.eq_1","PROVEN_BY","proof.Kant.Codec.Outp.ofVal.eq_1"
"obj.Kant.Wasm.BinOp","INPUT_TO","proof.Kant.Wasm.Expr.eval.eq_def"
"obj.Kant.Wasm.Expr.below","INPUT_TO","proof.Kant.Wasm.Expr.eval.eq_def"
"obj.Kant.Wasm.Expr.eval.eq_def","OUTPUT_OF","proof.Kant.Wasm.Expr.eval.eq_def"
"proof.Kant.Wasm.Expr.eval.eq_def","PROVES","obj.Kant.Wasm.Expr.eval.eq_def"
"obj.Kant.Wasm.Expr.eval.eq_def","PROVEN_BY","proof.Kant.Wasm.Expr.eval.eq_def"
"proof.Kant.Wasm.Expr.eval.eq_def","DEPENDS_ON","proof.Kant.Wasm.BinOp"
"proof.Kant.Wasm.Expr.eval.eq_def","DEPENDS_ON","proof.Kant.Wasm.Expr.below"
"obj.Kant.Uucp.Node.Wired","INPUT_TO","proof.Kant.Handoff.run_mem"
"obj.Kant.Uucp.Node.mem_paste_iff","INPUT_TO","proof.Kant.Handoff.run_mem"
"obj.Kant.Relay.mem_transcript","INPUT_TO","proof.Kant.Handoff.run_mem"
"obj.Kant.Handoff.run_mem","OUTPUT_OF","proof.Kant.Handoff.run_mem"
"proof.Kant.Handoff.run_mem","PROVES","obj.Kant.Handoff.run_mem"
"obj.Kant.Handoff.run_mem","PROVEN_BY","proof.Kant.Handoff.run_mem"
"proof.Kant.Handoff.run_mem","DEPENDS_ON","proof.Kant.Uucp.Node.Wired"
"proof.Kant.Handoff.run_mem","DEPENDS_ON","proof.Kant.Uucp.Node.mem_paste_iff"
"proof.Kant.Handoff.run_mem","DEPENDS_ON","proof.Kant.Relay.mem_transcript"
"obj.Kant.Wasm.Expr.const.sizeOf_spec","OUTPUT_OF","proof.Kant.Wasm.Expr.const.sizeOf_spec"
"proof.Kant.Wasm.Expr.const.sizeOf_spec","PROVES","obj.Kant.Wasm.Expr.const.sizeOf_spec"
"obj.Kant.Wasm.Expr.const.sizeOf_spec","PROVEN_BY","proof.Kant.Wasm.Expr.const.sizeOf_spec"
"obj.Kant.Uucp.isAscii_packBag","OUTPUT_OF","proof.Kant.Uucp.isAscii_packBag"
"proof.Kant.Uucp.isAscii_packBag","PROVES","obj.Kant.Uucp.isAscii_packBag"
"obj.Kant.Uucp.isAscii_packBag","PROVEN_BY","proof.Kant.Uucp.isAscii_packBag"
"obj.Kant.Codec.csvHeader.eq_1","OUTPUT_OF","proof.Kant.Codec.csvHeader.eq_1"
"proof.Kant.Codec.csvHeader.eq_1","PROVES","obj.Kant.Codec.csvHeader.eq_1"
"obj.Kant.Codec.csvHeader.eq_1","PROVEN_BY","proof.Kant.Codec.csvHeader.eq_1"
"obj.Kant.Wasm.Kernel.fnvOffsetE.eq_1","OUTPUT_OF","proof.Kant.Wasm.Kernel.fnvOffsetE.eq_1"
"proof.Kant.Wasm.Kernel.fnvOffsetE.eq_1","PROVES","obj.Kant.Wasm.Kernel.fnvOffsetE.eq_1"
"obj.Kant.Wasm.Kernel.fnvOffsetE.eq_1","PROVEN_BY","proof.Kant.Wasm.Kernel.fnvOffsetE.eq_1"
"obj.Kant.Uucp.Node.mem_paste_iff","OUTPUT_OF","proof.Kant.Uucp.Node.mem_paste_iff"
"proof.Kant.Uucp.Node.mem_paste_iff","PROVES","obj.Kant.Uucp.Node.mem_paste_iff"
"obj.Kant.Uucp.Node.mem_paste_iff","PROVEN_BY","proof.Kant.Uucp.Node.mem_paste_iff"
"obj.Kant.Codec.project.eq_5","OUTPUT_OF","proof.Kant.Codec.project.eq_5"
"proof.Kant.Codec.project.eq_5","PROVES","obj.Kant.Codec.project.eq_5"
"obj.Kant.Codec.project.eq_5","PROVEN_BY","proof.Kant.Codec.project.eq_5"
"obj.Kant.Dom.Relation.ofVal_toVal","OUTPUT_OF","proof.Kant.Dom.Relation.ofVal_toVal"
"proof.Kant.Dom.Relation.ofVal_toVal","PROVES","obj.Kant.Dom.Relation.ofVal_toVal"
"obj.Kant.Dom.Relation.ofVal_toVal","PROVEN_BY","proof.Kant.Dom.Relation.ofVal_toVal"
"obj.Kant.Wasm.exec.match_1","INPUT_TO","proof.Kant.Wasm.exec_append"
"obj.Kant.Wasm.exec_append","OUTPUT_OF","proof.Kant.Wasm.exec_append"
"proof.Kant.Wasm.exec_append","PROVES","obj.Kant.Wasm.exec_append"
"obj.Kant.Wasm.exec_append","PROVEN_BY","proof.Kant.Wasm.exec_append"
"proof.Kant.Wasm.exec_append","DEPENDS_ON","proof.Kant.Wasm.exec.match_1"
"obj.Kant.Wasm.BinOp","INPUT_TO","proof.Kant.Wasm.Expr.compile.eq_def"
"obj.Kant.Wasm.Expr.below","INPUT_TO","proof.Kant.Wasm.Expr.compile.eq_def"
"obj.Kant.Wasm.Expr.compile.eq_def","OUTPUT_OF","proof.Kant.Wasm.Expr.compile.eq_def"
"proof.Kant.Wasm.Expr.compile.eq_def","PROVES","obj.Kant.Wasm.Expr.compile.eq_def"
"obj.Kant.Wasm.Expr.compile.eq_def","PROVEN_BY","proof.Kant.Wasm.Expr.compile.eq_def"
"proof.Kant.Wasm.Expr.compile.eq_def","DEPENDS_ON","proof.Kant.Wasm.BinOp"
"proof.Kant.Wasm.Expr.compile.eq_def","DEPENDS_ON","proof.Kant.Wasm.Expr.below"
"obj.Kant.Dom.declCert","INPUT_TO","proof.Kant.Dom.catalog_wf"
"obj.Kant.Dom.catalog_wf","OUTPUT_OF","proof.Kant.Dom.catalog_wf"
"proof.Kant.Dom.catalog_wf","PROVES","obj.Kant.Dom.catalog_wf"
"obj.Kant.Dom.catalog_wf","PROVEN_BY","proof.Kant.Dom.catalog_wf"
"proof.Kant.Dom.catalog_wf","DEPENDS_ON","proof.Kant.Dom.declCert"
"obj.Kant.Meme.payload","INPUT_TO","proof.Kant.Meme.payload_lt_256"
"obj.Kant.Text.charCodes","INPUT_TO","proof.Kant.Meme.payload_lt_256"
"obj.Kant.Meme.payload_lt_256","OUTPUT_OF","proof.Kant.Meme.payload_lt_256"
"proof.Kant.Meme.payload_lt_256","PROVES","obj.Kant.Meme.payload_lt_256"
"obj.Kant.Meme.payload_lt_256","PROVEN_BY","proof.Kant.Meme.payload_lt_256"
"proof.Kant.Meme.payload_lt_256","DEPENDS_ON","proof.Kant.Meme.payload"
"proof.Kant.Meme.payload_lt_256","DEPENDS_ON","proof.Kant.Text.charCodes"
"obj.Kant.Dom.traversal_round_trip","OUTPUT_OF","proof.Kant.Dom.traversal_round_trip"
"proof.Kant.Dom.traversal_round_trip","PROVES","obj.Kant.Dom.traversal_round_trip"
"obj.Kant.Dom.traversal_round_trip","PROVEN_BY","proof.Kant.Dom.traversal_round_trip"
"obj.Kant.Sheaf.DaslType.enumList_nodup","OUTPUT_OF","proof.Kant.Sheaf.DaslType.enumList_nodup"
"proof.Kant.Sheaf.DaslType.enumList_nodup","PROVES","obj.Kant.Sheaf.DaslType.enumList_nodup"
"obj.Kant.Sheaf.DaslType.enumList_nodup","PROVEN_BY","proof.Kant.Sheaf.DaslType.enumList_nodup"
"obj.Kant.Rendezvous.addrField.eq_1","OUTPUT_OF","proof.Kant.Rendezvous.addrField.eq_1"
"proof.Kant.Rendezvous.addrField.eq_1","PROVES","obj.Kant.Rendezvous.addrField.eq_1"
"obj.Kant.Rendezvous.addrField.eq_1","PROVEN_BY","proof.Kant.Rendezvous.addrField.eq_1"
"obj.Kant.Dasl.monsterOrder_eq","OUTPUT_OF","proof.Kant.Dasl.monsterOrder_eq"
"proof.Kant.Dasl.monsterOrder_eq","PROVES","obj.Kant.Dasl.monsterOrder_eq"
"obj.Kant.Dasl.monsterOrder_eq","PROVEN_BY","proof.Kant.Dasl.monsterOrder_eq"
"obj.Kant.Dasl.tenfoldCoords_length","OUTPUT_OF","proof.Kant.Dasl.tenfoldCoords_length"
"proof.Kant.Dasl.tenfoldCoords_length","PROVES","obj.Kant.Dasl.tenfoldCoords_length"
"obj.Kant.Dasl.tenfoldCoords_length","PROVEN_BY","proof.Kant.Dasl.tenfoldCoords_length"
"obj.Kant.Wasm.Module.mk.sizeOf_spec","OUTPUT_OF","proof.Kant.Wasm.Module.mk.sizeOf_spec"
"proof.Kant.Wasm.Module.mk.sizeOf_spec","PROVES","obj.Kant.Wasm.Module.mk.sizeOf_spec"
"obj.Kant.Wasm.Module.mk.sizeOf_spec","PROVEN_BY","proof.Kant.Wasm.Module.mk.sizeOf_spec"
"obj.Kant.Wasm.Instr.localGet.injEq","OUTPUT_OF","proof.Kant.Wasm.Instr.localGet.injEq"
"proof.Kant.Wasm.Instr.localGet.injEq","PROVES","obj.Kant.Wasm.Instr.localGet.injEq"
"obj.Kant.Wasm.Instr.localGet.injEq","PROVEN_BY","proof.Kant.Wasm.Instr.localGet.injEq"
"obj.Kant.Dom.derived_input","OUTPUT_OF","proof.Kant.Dom.derived_input"
"proof.Kant.Dom.derived_input","PROVES","obj.Kant.Dom.derived_input"
"obj.Kant.Dom.derived_input","PROVEN_BY","proof.Kant.Dom.derived_input"
"obj.Kant.Codec.yamlEncFields.eq_def","INPUT_TO","proof.Kant.Codec.yamlEncFields.eq_3"
"obj.Kant.Codec.yamlEncFields.eq_3","OUTPUT_OF","proof.Kant.Codec.yamlEncFields.eq_3"
"proof.Kant.Codec.yamlEncFields.eq_3","PROVES","obj.Kant.Codec.yamlEncFields.eq_3"
"obj.Kant.Codec.yamlEncFields.eq_3","PROVEN_BY","proof.Kant.Codec.yamlEncFields.eq_3"
"proof.Kant.Codec.yamlEncFields.eq_3","DEPENDS_ON","proof.Kant.Codec.yamlEncFields.eq_def"
"obj.Kant.Rendezvous.Announce","INPUT_TO","proof.Kant.Relay.acceptPeers.eq_1"
"obj.Kant.Relay.acceptPeers.eq_1","OUTPUT_OF","proof.Kant.Relay.acceptPeers.eq_1"
"proof.Kant.Relay.acceptPeers.eq_1","PROVES","obj.Kant.Relay.acceptPeers.eq_1"
"obj.Kant.Relay.acceptPeers.eq_1","PROVEN_BY","proof.Kant.Relay.acceptPeers.eq_1"
"proof.Kant.Relay.acceptPeers.eq_1","DEPENDS_ON","proof.Kant.Rendezvous.Announce"
"obj.Kant.CardDebug.Pairing.noMeetingPoint.sizeOf_spec","OUTPUT_OF","proof.Kant.CardDebug.Pairing.noMeetingPoint.sizeOf_spec"
"proof.Kant.CardDebug.Pairing.noMeetingPoint.sizeOf_spec","PROVES","obj.Kant.CardDebug.Pairing.noMeetingPoint.sizeOf_spec"
"obj.Kant.CardDebug.Pairing.noMeetingPoint.sizeOf_spec","PROVEN_BY","proof.Kant.CardDebug.Pairing.noMeetingPoint.sizeOf_spec"
"obj.Kant.Codec.validSyntax.eq_1","OUTPUT_OF","proof.Kant.Codec.validSyntax.eq_1"
"proof.Kant.Codec.validSyntax.eq_1","PROVES","obj.Kant.Codec.validSyntax.eq_1"
"obj.Kant.Codec.validSyntax.eq_1","PROVEN_BY","proof.Kant.Codec.validSyntax.eq_1"
"obj.Kant.Dasl.dual47_period","OUTPUT_OF","proof.Kant.Dasl.dual47_period"
"proof.Kant.Dasl.dual47_period","PROVES","obj.Kant.Dasl.dual47_period"
"obj.Kant.Dasl.dual47_period","PROVEN_BY","proof.Kant.Dasl.dual47_period"
"obj.Kant.Relay.parseMsg","INPUT_TO","proof.Kant.Relay.mem_accept_iff"
"obj.Kant.Relay.mem_accept_iff","OUTPUT_OF","proof.Kant.Relay.mem_accept_iff"
"proof.Kant.Relay.mem_accept_iff","PROVES","obj.Kant.Relay.mem_accept_iff"
"obj.Kant.Relay.mem_accept_iff","PROVEN_BY","proof.Kant.Relay.mem_accept_iff"
"proof.Kant.Relay.mem_accept_iff","DEPENDS_ON","proof.Kant.Relay.parseMsg"
"obj.Kant.Dom.Event.inferredBy.sizeOf_spec","OUTPUT_OF","proof.Kant.Dom.Event.inferredBy.sizeOf_spec"
"proof.Kant.Dom.Event.inferredBy.sizeOf_spec","PROVES","obj.Kant.Dom.Event.inferredBy.sizeOf_spec"
"obj.Kant.Dom.Event.inferredBy.sizeOf_spec","PROVEN_BY","proof.Kant.Dom.Event.inferredBy.sizeOf_spec"
"obj.Kant.Clipboard.toReceipt.eq_1","OUTPUT_OF","proof.Kant.Clipboard.toReceipt.eq_1"
"proof.Kant.Clipboard.toReceipt.eq_1","PROVES","obj.Kant.Clipboard.toReceipt.eq_1"
"obj.Kant.Clipboard.toReceipt.eq_1","PROVEN_BY","proof.Kant.Clipboard.toReceipt.eq_1"
"obj.Kant.Cli.pageOf.eq_2","OUTPUT_OF","proof.Kant.Cli.pageOf.eq_2"
"proof.Kant.Cli.pageOf.eq_2","PROVES","obj.Kant.Cli.pageOf.eq_2"
"obj.Kant.Cli.pageOf.eq_2","PROVEN_BY","proof.Kant.Cli.pageOf.eq_2"
"obj.Kant.Diagnostics.Area.relay.sizeOf_spec","OUTPUT_OF","proof.Kant.Diagnostics.Area.relay.sizeOf_spec"
"proof.Kant.Diagnostics.Area.relay.sizeOf_spec","PROVES","obj.Kant.Diagnostics.Area.relay.sizeOf_spec"
"obj.Kant.Diagnostics.Area.relay.sizeOf_spec","PROVEN_BY","proof.Kant.Diagnostics.Area.relay.sizeOf_spec"
"obj.Kant.Dom.proof_to_inputs","OUTPUT_OF","proof.Kant.Dom.proof_to_inputs"
"proof.Kant.Dom.proof_to_inputs","PROVES","obj.Kant.Dom.proof_to_inputs"
"obj.Kant.Dom.proof_to_inputs","PROVEN_BY","proof.Kant.Dom.proof_to_inputs"
"obj.Kant.Erdfa.escape.eq_1","OUTPUT_OF","proof.Kant.Erdfa.escape.eq_1"
"proof.Kant.Erdfa.escape.eq_1","PROVES","obj.Kant.Erdfa.escape.eq_1"
"obj.Kant.Erdfa.escape.eq_1","PROVEN_BY","proof.Kant.Erdfa.escape.eq_1"
"obj.Kant.Codec.digitVal","INPUT_TO","proof.Kant.Codec.digitVal.eq_6"
"obj.Kant.Codec.digitVal.eq_6","OUTPUT_OF","proof.Kant.Codec.digitVal.eq_6"
"proof.Kant.Codec.digitVal.eq_6","PROVES","obj.Kant.Codec.digitVal.eq_6"
"obj.Kant.Codec.digitVal.eq_6","PROVEN_BY","proof.Kant.Codec.digitVal.eq_6"
"proof.Kant.Codec.digitVal.eq_6","DEPENDS_ON","proof.Kant.Codec.digitVal"
"obj.Kant.SiteCard.trimStart_cons_space","OUTPUT_OF","proof.Kant.SiteCard.trimStart_cons_space"
"proof.Kant.SiteCard.trimStart_cons_space","PROVES","obj.Kant.SiteCard.trimStart_cons_space"
"obj.Kant.SiteCard.trimStart_cons_space","PROVEN_BY","proof.Kant.SiteCard.trimStart_cons_space"
"obj.Kant.Sneakernet.capacity_pos","OUTPUT_OF","proof.Kant.Sneakernet.capacity_pos"
"proof.Kant.Sneakernet.capacity_pos","PROVES","obj.Kant.Sneakernet.capacity_pos"
"obj.Kant.Sneakernet.capacity_pos","PROVEN_BY","proof.Kant.Sneakernet.capacity_pos"
"obj.Kant.Wasm.Decode.RawInstr","INPUT_TO","proof.Kant.Wasm.Decode.instrsDec_cons"
"obj.Kant.Wasm.BinOp","INPUT_TO","proof.Kant.Wasm.Decode.instrsDec_cons"
"obj.Kant.Wasm.Decode.instrsDec_cons","OUTPUT_OF","proof.Kant.Wasm.Decode.instrsDec_cons"
"proof.Kant.Wasm.Decode.instrsDec_cons","PROVES","obj.Kant.Wasm.Decode.instrsDec_cons"
"obj.Kant.Wasm.Decode.instrsDec_cons","PROVEN_BY","proof.Kant.Wasm.Decode.instrsDec_cons"
"proof.Kant.Wasm.Decode.instrsDec_cons","DEPENDS_ON","proof.Kant.Wasm.Decode.RawInstr"
"proof.Kant.Wasm.Decode.instrsDec_cons","DEPENDS_ON","proof.Kant.Wasm.BinOp"
"obj.Kant.Uucp.Carrier.dm.sizeOf_spec","OUTPUT_OF","proof.Kant.Uucp.Carrier.dm.sizeOf_spec"
"proof.Kant.Uucp.Carrier.dm.sizeOf_spec","PROVES","obj.Kant.Uucp.Carrier.dm.sizeOf_spec"
"obj.Kant.Uucp.Carrier.dm.sizeOf_spec","PROVEN_BY","proof.Kant.Uucp.Carrier.dm.sizeOf_spec"
"obj.Kant.Dom.resolved_revalidates","OUTPUT_OF","proof.Kant.Dom.resolved_revalidates"
"proof.Kant.Dom.resolved_revalidates","PROVES","obj.Kant.Dom.resolved_revalidates"
"obj.Kant.Dom.resolved_revalidates","PROVEN_BY","proof.Kant.Dom.resolved_revalidates"
"obj.Kant.Codec.Ipdl.below_3","INPUT_TO","proof.Kant.Codec.projectList.eq_def"
"obj.Kant.Codec.Ipdl.brecOn_1","INPUT_TO","proof.Kant.Codec.projectList.eq_def"
"obj.Kant.Codec.projectList.eq_def","OUTPUT_OF","proof.Kant.Codec.projectList.eq_def"
"proof.Kant.Codec.projectList.eq_def","PROVES","obj.Kant.Codec.projectList.eq_def"
"obj.Kant.Codec.projectList.eq_def","PROVEN_BY","proof.Kant.Codec.projectList.eq_def"
"proof.Kant.Codec.projectList.eq_def","DEPENDS_ON","proof.Kant.Codec.Ipdl.below_3"
"proof.Kant.Codec.projectList.eq_def","DEPENDS_ON","proof.Kant.Codec.Ipdl.brecOn_1"
"obj.Kant.Wasm.Expr.Wf","INPUT_TO","proof.Kant.Wasm.Expr.Wf.eq_1"
"obj.Kant.Wasm.Expr.Wf.eq_1","OUTPUT_OF","proof.Kant.Wasm.Expr.Wf.eq_1"
"proof.Kant.Wasm.Expr.Wf.eq_1","PROVES","obj.Kant.Wasm.Expr.Wf.eq_1"
"obj.Kant.Wasm.Expr.Wf.eq_1","PROVEN_BY","proof.Kant.Wasm.Expr.Wf.eq_1"
"proof.Kant.Wasm.Expr.Wf.eq_1","DEPENDS_ON","proof.Kant.Wasm.Expr.Wf"
"obj.Kant.Dom.step.eq_6","OUTPUT_OF","proof.Kant.Dom.step.eq_6"
"proof.Kant.Dom.step.eq_6","PROVES","obj.Kant.Dom.step.eq_6"
"obj.Kant.Dom.step.eq_6","PROVEN_BY","proof.Kant.Dom.step.eq_6"
"obj.Kant.Codec.readRows.eq_def","OUTPUT_OF","proof.Kant.Codec.readRows.eq_def"
"proof.Kant.Codec.readRows.eq_def","PROVES","obj.Kant.Codec.readRows.eq_def"
"obj.Kant.Codec.readRows.eq_def","PROVEN_BY","proof.Kant.Codec.readRows.eq_def"
"obj.Kant.Codec.pFields.eq_1","OUTPUT_OF","proof.Kant.Codec.pFields.eq_1"
"proof.Kant.Codec.pFields.eq_1","PROVES","obj.Kant.Codec.pFields.eq_1"
"obj.Kant.Codec.pFields.eq_1","PROVEN_BY","proof.Kant.Codec.pFields.eq_1"
"obj.Kant.Dom.Claim.toVal","INPUT_TO","proof.Kant.Dom.csvTables_recover"
"obj.Kant.Dom.proofsOfTable","INPUT_TO","proof.Kant.Dom.csvTables_recover"
"obj.Kant.Dom.relationsTable_recovers","INPUT_TO","proof.Kant.Dom.csvTables_recover"
"obj.Kant.Dom.csvTables_recover","OUTPUT_OF","proof.Kant.Dom.csvTables_recover"
"proof.Kant.Dom.csvTables_recover","PROVES","obj.Kant.Dom.csvTables_recover"
"obj.Kant.Dom.csvTables_recover","PROVEN_BY","proof.Kant.Dom.csvTables_recover"
"proof.Kant.Dom.csvTables_recover","DEPENDS_ON","proof.Kant.Dom.Claim.toVal"
"proof.Kant.Dom.csvTables_recover","DEPENDS_ON","proof.Kant.Dom.proofsOfTable"
"proof.Kant.Dom.csvTables_recover","DEPENDS_ON","proof.Kant.Dom.relationsTable_recovers"
"obj.Kant.SiteCard.parseQrPayload_qrPayload","OUTPUT_OF","proof.Kant.SiteCard.parseQrPayload_qrPayload"
"proof.Kant.SiteCard.parseQrPayload_qrPayload","PROVES","obj.Kant.SiteCard.parseQrPayload_qrPayload"
"obj.Kant.SiteCard.parseQrPayload_qrPayload","PROVEN_BY","proof.Kant.SiteCard.parseQrPayload_qrPayload"
"obj.Kant.Dom.DomObj.evidenceRefs","INPUT_TO","proof.Kant.Dom.objectRow.eq_1"
"obj.Kant.Dom.objectRow.eq_1","OUTPUT_OF","proof.Kant.Dom.objectRow.eq_1"
"proof.Kant.Dom.objectRow.eq_1","PROVES","obj.Kant.Dom.objectRow.eq_1"
"obj.Kant.Dom.objectRow.eq_1","PROVEN_BY","proof.Kant.Dom.objectRow.eq_1"
"proof.Kant.Dom.objectRow.eq_1","DEPENDS_ON","proof.Kant.Dom.DomObj.evidenceRefs"
"obj.Kant.Codec.readInt","INPUT_TO","proof.Kant.Codec.canonDecode_eq_none_of_head"
"obj.Kant.Codec.canonDecode_eq_none_of_head","OUTPUT_OF","proof.Kant.Codec.canonDecode_eq_none_of_head"
"proof.Kant.Codec.canonDecode_eq_none_of_head","PROVES","obj.Kant.Codec.canonDecode_eq_none_of_head"
"obj.Kant.Codec.canonDecode_eq_none_of_head","PROVEN_BY","proof.Kant.Codec.canonDecode_eq_none_of_head"
"proof.Kant.Codec.canonDecode_eq_none_of_head","DEPENDS_ON","proof.Kant.Codec.readInt"
"obj.Kant.Codec.xFalse.eq_1","OUTPUT_OF","proof.Kant.Codec.xFalse.eq_1"
"proof.Kant.Codec.xFalse.eq_1","PROVES","obj.Kant.Codec.xFalse.eq_1"
"obj.Kant.Codec.xFalse.eq_1","PROVEN_BY","proof.Kant.Codec.xFalse.eq_1"
"obj.Kant.CodeMovie.Circuit.run.eq_def","OUTPUT_OF","proof.Kant.CodeMovie.Circuit.run.eq_def"
"proof.Kant.CodeMovie.Circuit.run.eq_def","PROVES","obj.Kant.CodeMovie.Circuit.run.eq_def"
"obj.Kant.CodeMovie.Circuit.run.eq_def","PROVEN_BY","proof.Kant.CodeMovie.Circuit.run.eq_def"
"obj.Kant.Dom.exchange_canonicalizes","OUTPUT_OF","proof.Kant.Dom.exchange_canonicalizes"
"proof.Kant.Dom.exchange_canonicalizes","PROVES","obj.Kant.Dom.exchange_canonicalizes"
"obj.Kant.Dom.exchange_canonicalizes","PROVEN_BY","proof.Kant.Dom.exchange_canonicalizes"
"obj.Kant.Wasm.Kernel.eval_hexHiE","OUTPUT_OF","proof.Kant.Wasm.Kernel.eval_hexHiE"
"proof.Kant.Wasm.Kernel.eval_hexHiE","PROVES","obj.Kant.Wasm.Kernel.eval_hexHiE"
"obj.Kant.Wasm.Kernel.eval_hexHiE","PROVEN_BY","proof.Kant.Wasm.Kernel.eval_hexHiE"
"obj.Kant.Wasm.Encode.cmpOpcode.eq_4","OUTPUT_OF","proof.Kant.Wasm.Encode.cmpOpcode.eq_4"
"proof.Kant.Wasm.Encode.cmpOpcode.eq_4","PROVES","obj.Kant.Wasm.Encode.cmpOpcode.eq_4"
"obj.Kant.Wasm.Encode.cmpOpcode.eq_4","PROVEN_BY","proof.Kant.Wasm.Encode.cmpOpcode.eq_4"
"obj.Kant.Diagnostics.parseEvents.match_3","INPUT_TO","proof.Kant.Diagnostics.parseEvents.eq_def"
"obj.Kant.Diagnostics.parseEvents.eq_def","OUTPUT_OF","proof.Kant.Diagnostics.parseEvents.eq_def"
"proof.Kant.Diagnostics.parseEvents.eq_def","PROVES","obj.Kant.Diagnostics.parseEvents.eq_def"
"obj.Kant.Diagnostics.parseEvents.eq_def","PROVEN_BY","proof.Kant.Diagnostics.parseEvents.eq_def"
"proof.Kant.Diagnostics.parseEvents.eq_def","DEPENDS_ON","proof.Kant.Diagnostics.parseEvents.match_3"
"obj.Kant.Handoff.Step.mk.sizeOf_spec","OUTPUT_OF","proof.Kant.Handoff.Step.mk.sizeOf_spec"
"proof.Kant.Handoff.Step.mk.sizeOf_spec","PROVES","obj.Kant.Handoff.Step.mk.sizeOf_spec"
"obj.Kant.Handoff.Step.mk.sizeOf_spec","PROVEN_BY","proof.Kant.Handoff.Step.mk.sizeOf_spec"
"obj.Kant.Codec.digitsFold.eq_1","OUTPUT_OF","proof.Kant.Codec.digitsFold.eq_1"
"proof.Kant.Codec.digitsFold.eq_1","PROVES","obj.Kant.Codec.digitsFold.eq_1"
"obj.Kant.Codec.digitsFold.eq_1","PROVEN_BY","proof.Kant.Codec.digitsFold.eq_1"
"obj.Kant.Stego.bitsByte_byteBits","OUTPUT_OF","proof.Kant.Stego.bitsByte_byteBits"
"proof.Kant.Stego.bitsByte_byteBits","PROVES","obj.Kant.Stego.bitsByte_byteBits"
"obj.Kant.Stego.bitsByte_byteBits","PROVEN_BY","proof.Kant.Stego.bitsByte_byteBits"
"obj.Kant.Uucp.readParts_map","OUTPUT_OF","proof.Kant.Uucp.readParts_map"
"proof.Kant.Uucp.readParts_map","PROVES","obj.Kant.Uucp.readParts_map"
"obj.Kant.Uucp.readParts_map","PROVEN_BY","proof.Kant.Uucp.readParts_map"
"obj.Kant.Rendezvous.Address.mk.inj","OUTPUT_OF","proof.Kant.Rendezvous.Address.mk.inj"
"proof.Kant.Rendezvous.Address.mk.inj","PROVES","obj.Kant.Rendezvous.Address.mk.inj"
"obj.Kant.Rendezvous.Address.mk.inj","PROVEN_BY","proof.Kant.Rendezvous.Address.mk.inj"
"obj.Kant.Wasm.Decode.RawInstr","INPUT_TO","proof.Kant.Wasm.Decode.RawInstr.localGet.sizeOf_spec"
"obj.Kant.Wasm.Decode.RawInstr.localGet.sizeOf_spec","OUTPUT_OF","proof.Kant.Wasm.Decode.RawInstr.localGet.sizeOf_spec"
"proof.Kant.Wasm.Decode.RawInstr.localGet.sizeOf_spec","PROVES","obj.Kant.Wasm.Decode.RawInstr.localGet.sizeOf_spec"
"obj.Kant.Wasm.Decode.RawInstr.localGet.sizeOf_spec","PROVEN_BY","proof.Kant.Wasm.Decode.RawInstr.localGet.sizeOf_spec"
"proof.Kant.Wasm.Decode.RawInstr.localGet.sizeOf_spec","DEPENDS_ON","proof.Kant.Wasm.Decode.RawInstr"
"obj.Kant.Codec.Val.obj.inj","OUTPUT_OF","proof.Kant.Codec.Val.obj.inj"
"proof.Kant.Codec.Val.obj.inj","PROVES","obj.Kant.Codec.Val.obj.inj"
"obj.Kant.Codec.Val.obj.inj","PROVEN_BY","proof.Kant.Codec.Val.obj.inj"
"obj.Kant.CodeMovie.Snippet","INPUT_TO","proof.Kant.CodeMovie.rleEncode.eq_def"
"obj.Kant.CodeMovie.rleEncode","INPUT_TO","proof.Kant.CodeMovie.rleEncode.eq_def"
"obj.Kant.CodeMovie.rleEncode.eq_def","OUTPUT_OF","proof.Kant.CodeMovie.rleEncode.eq_def"
"proof.Kant.CodeMovie.rleEncode.eq_def","PROVES","obj.Kant.CodeMovie.rleEncode.eq_def"
"obj.Kant.CodeMovie.rleEncode.eq_def","PROVEN_BY","proof.Kant.CodeMovie.rleEncode.eq_def"
"proof.Kant.CodeMovie.rleEncode.eq_def","DEPENDS_ON","proof.Kant.CodeMovie.Snippet"
"proof.Kant.CodeMovie.rleEncode.eq_def","DEPENDS_ON","proof.Kant.CodeMovie.rleEncode"
"obj.Kant.Codec.joinLines_splitLines","OUTPUT_OF","proof.Kant.Codec.joinLines_splitLines"
"proof.Kant.Codec.joinLines_splitLines","PROVES","obj.Kant.Codec.joinLines_splitLines"
"obj.Kant.Codec.joinLines_splitLines","PROVEN_BY","proof.Kant.Codec.joinLines_splitLines"
"obj.Kant.Feed.newest_sorted","OUTPUT_OF","proof.Kant.Feed.newest_sorted"
"proof.Kant.Feed.newest_sorted","PROVES","obj.Kant.Feed.newest_sorted"
"obj.Kant.Feed.newest_sorted","PROVEN_BY","proof.Kant.Feed.newest_sorted"
"obj.Kant.Dom.package_roundtrip_report_sound","OUTPUT_OF","proof.Kant.Dom.package_roundtrip_report_sound"
"proof.Kant.Dom.package_roundtrip_report_sound","PROVES","obj.Kant.Dom.package_roundtrip_report_sound"
"obj.Kant.Dom.package_roundtrip_report_sound","PROVEN_BY","proof.Kant.Dom.package_roundtrip_report_sound"
"obj.Kant.Wasm.Expr.Wf","INPUT_TO","proof.Kant.Wasm.Expr.Wf.eq_4"
"obj.Kant.Wasm.Expr.Wf.eq_4","OUTPUT_OF","proof.Kant.Wasm.Expr.Wf.eq_4"
"proof.Kant.Wasm.Expr.Wf.eq_4","PROVES","obj.Kant.Wasm.Expr.Wf.eq_4"
"obj.Kant.Wasm.Expr.Wf.eq_4","PROVEN_BY","proof.Kant.Wasm.Expr.Wf.eq_4"
"proof.Kant.Wasm.Expr.Wf.eq_4","DEPENDS_ON","proof.Kant.Wasm.Expr.Wf"
"obj.Kant.Cli.curlLine","INPUT_TO","proof.Kant.Cli.postLine_curl_roundTrip"
"obj.Kant.Cli.parseCurlLine_curlLine","INPUT_TO","proof.Kant.Cli.postLine_curl_roundTrip"
"obj.Kant.Cli.postLine_curl_roundTrip","OUTPUT_OF","proof.Kant.Cli.postLine_curl_roundTrip"
"proof.Kant.Cli.postLine_curl_roundTrip","PROVES","obj.Kant.Cli.postLine_curl_roundTrip"
"obj.Kant.Cli.postLine_curl_roundTrip","PROVEN_BY","proof.Kant.Cli.postLine_curl_roundTrip"
"proof.Kant.Cli.postLine_curl_roundTrip","DEPENDS_ON","proof.Kant.Cli.curlLine"
"proof.Kant.Cli.postLine_curl_roundTrip","DEPENDS_ON","proof.Kant.Cli.parseCurlLine_curlLine"
"obj.Kant.Dom.step.eq_7","OUTPUT_OF","proof.Kant.Dom.step.eq_7"
"proof.Kant.Dom.step.eq_7","PROVES","obj.Kant.Dom.step.eq_7"
"obj.Kant.Dom.step.eq_7","PROVEN_BY","proof.Kant.Dom.step.eq_7"
"obj.Kant.Onboarding.Screen.share.sizeOf_spec","OUTPUT_OF","proof.Kant.Onboarding.Screen.share.sizeOf_spec"
"proof.Kant.Onboarding.Screen.share.sizeOf_spec","PROVES","obj.Kant.Onboarding.Screen.share.sizeOf_spec"
"obj.Kant.Onboarding.Screen.share.sizeOf_spec","PROVEN_BY","proof.Kant.Onboarding.Screen.share.sizeOf_spec"
"obj.Kant.Codec.diffVal.eq_def","OUTPUT_OF","proof.Kant.Codec.diffVal.eq_def"
"proof.Kant.Codec.diffVal.eq_def","PROVES","obj.Kant.Codec.diffVal.eq_def"
"obj.Kant.Codec.diffVal.eq_def","PROVEN_BY","proof.Kant.Codec.diffVal.eq_def"
"obj.Kant.Sheaf.EigenSpace.hub.sizeOf_spec","OUTPUT_OF","proof.Kant.Sheaf.EigenSpace.hub.sizeOf_spec"
"proof.Kant.Sheaf.EigenSpace.hub.sizeOf_spec","PROVES","obj.Kant.Sheaf.EigenSpace.hub.sizeOf_spec"
"obj.Kant.Sheaf.EigenSpace.hub.sizeOf_spec","PROVEN_BY","proof.Kant.Sheaf.EigenSpace.hub.sizeOf_spec"
"obj.Kant.Codec.Ipdl.annot.noConfusion","INPUT_TO","proof.Kant.Codec.Ipdl.annot.injEq"
"obj.Kant.Codec.Ipdl.annot.injEq","OUTPUT_OF","proof.Kant.Codec.Ipdl.annot.injEq"
"proof.Kant.Codec.Ipdl.annot.injEq","PROVES","obj.Kant.Codec.Ipdl.annot.injEq"
"obj.Kant.Codec.Ipdl.annot.injEq","PROVEN_BY","proof.Kant.Codec.Ipdl.annot.injEq"
"proof.Kant.Codec.Ipdl.annot.injEq","DEPENDS_ON","proof.Kant.Codec.Ipdl.annot.noConfusion"
"obj.Kant.Codec.xListClose.eq_1","OUTPUT_OF","proof.Kant.Codec.xListClose.eq_1"
"proof.Kant.Codec.xListClose.eq_1","PROVES","obj.Kant.Codec.xListClose.eq_1"
"obj.Kant.Codec.xListClose.eq_1","PROVEN_BY","proof.Kant.Codec.xListClose.eq_1"
"obj.Kant.Dom.step.eq_1","OUTPUT_OF","proof.Kant.Dom.step.eq_1"
"proof.Kant.Dom.step.eq_1","PROVES","obj.Kant.Dom.step.eq_1"
"obj.Kant.Dom.step.eq_1","PROVEN_BY","proof.Kant.Dom.step.eq_1"
"obj.Kant.Codec.Val.below_1","INPUT_TO","proof.Kant.Codec.yamlEncFields.eq_def"
"obj.Kant.Codec.yamlEncFields.eq_def","OUTPUT_OF","proof.Kant.Codec.yamlEncFields.eq_def"
"proof.Kant.Codec.yamlEncFields.eq_def","PROVES","obj.Kant.Codec.yamlEncFields.eq_def"
"obj.Kant.Codec.yamlEncFields.eq_def","PROVEN_BY","proof.Kant.Codec.yamlEncFields.eq_def"
"proof.Kant.Codec.yamlEncFields.eq_def","DEPENDS_ON","proof.Kant.Codec.Val.below_1"
"obj.Kant.Dom.encRecs.eq_1","OUTPUT_OF","proof.Kant.Dom.encRecs.eq_1"
"proof.Kant.Dom.encRecs.eq_1","PROVES","obj.Kant.Dom.encRecs.eq_1"
"obj.Kant.Dom.encRecs.eq_1","PROVEN_BY","proof.Kant.Dom.encRecs.eq_1"
"obj.Kant.Codec.Inp.id","INPUT_TO","proof.Kant.Codec.Inp.toVal.eq_1"
"obj.Kant.Codec.Inp.encoding","INPUT_TO","proof.Kant.Codec.Inp.toVal.eq_1"
"obj.Kant.Codec.optVal","INPUT_TO","proof.Kant.Codec.Inp.toVal.eq_1"
"obj.Kant.Codec.Inp.toVal.eq_1","OUTPUT_OF","proof.Kant.Codec.Inp.toVal.eq_1"
"proof.Kant.Codec.Inp.toVal.eq_1","PROVES","obj.Kant.Codec.Inp.toVal.eq_1"
"obj.Kant.Codec.Inp.toVal.eq_1","PROVEN_BY","proof.Kant.Codec.Inp.toVal.eq_1"
"proof.Kant.Codec.Inp.toVal.eq_1","DEPENDS_ON","proof.Kant.Codec.Inp.id"
"proof.Kant.Codec.Inp.toVal.eq_1","DEPENDS_ON","proof.Kant.Codec.Inp.encoding"
"proof.Kant.Codec.Inp.toVal.eq_1","DEPENDS_ON","proof.Kant.Codec.optVal"
"obj.Kant.Dasl.daslPrefix","INPUT_TO","proof.Kant.Dasl.decode_mkCid"
"obj.Kant.Dasl.decode_mkCid","OUTPUT_OF","proof.Kant.Dasl.decode_mkCid"
"proof.Kant.Dasl.decode_mkCid","PROVES","obj.Kant.Dasl.decode_mkCid"
"obj.Kant.Dasl.decode_mkCid","PROVEN_BY","proof.Kant.Dasl.decode_mkCid"
"proof.Kant.Dasl.decode_mkCid","DEPENDS_ON","proof.Kant.Dasl.daslPrefix"
"obj.Kant.Relay.Msg.mk.injEq","OUTPUT_OF","proof.Kant.Relay.Msg.mk.injEq"
"proof.Kant.Relay.Msg.mk.injEq","PROVES","obj.Kant.Relay.Msg.mk.injEq"
"obj.Kant.Relay.Msg.mk.injEq","PROVEN_BY","proof.Kant.Relay.Msg.mk.injEq"
"obj.Kant.Store.get_put_eq","OUTPUT_OF","proof.Kant.Store.get_put_eq"
"proof.Kant.Store.get_put_eq","PROVES","obj.Kant.Store.get_put_eq"
"obj.Kant.Store.get_put_eq","PROVEN_BY","proof.Kant.Store.get_put_eq"
"obj.Kant.Diagnostics.Level.error.sizeOf_spec","OUTPUT_OF","proof.Kant.Diagnostics.Level.error.sizeOf_spec"
"proof.Kant.Diagnostics.Level.error.sizeOf_spec","PROVES","obj.Kant.Diagnostics.Level.error.sizeOf_spec"
"obj.Kant.Diagnostics.Level.error.sizeOf_spec","PROVEN_BY","proof.Kant.Diagnostics.Level.error.sizeOf_spec"
"obj.Kant.SiteCard.splitCh_ne_nil","OUTPUT_OF","proof.Kant.SiteCard.splitCh_ne_nil"
"proof.Kant.SiteCard.splitCh_ne_nil","PROVES","obj.Kant.SiteCard.splitCh_ne_nil"
"obj.Kant.SiteCard.splitCh_ne_nil","PROVEN_BY","proof.Kant.SiteCard.splitCh_ne_nil"
"obj.Kant.Wasm.BinOp.apply.eq_4","OUTPUT_OF","proof.Kant.Wasm.BinOp.apply.eq_4"
"proof.Kant.Wasm.BinOp.apply.eq_4","PROVES","obj.Kant.Wasm.BinOp.apply.eq_4"
"obj.Kant.Wasm.BinOp.apply.eq_4","PROVEN_BY","proof.Kant.Wasm.BinOp.apply.eq_4"
"obj.Kant.Dom.mapM_map","OUTPUT_OF","proof.Kant.Dom.mapM_map"
"proof.Kant.Dom.mapM_map","PROVES","obj.Kant.Dom.mapM_map"
"obj.Kant.Dom.mapM_map","PROVEN_BY","proof.Kant.Dom.mapM_map"
"obj.Kant.Dom.exchange_roundTrips","OUTPUT_OF","proof.Kant.Dom.exchange_roundTrips"
"proof.Kant.Dom.exchange_roundTrips","PROVES","obj.Kant.Dom.exchange_roundTrips"
"obj.Kant.Dom.exchange_roundTrips","PROVEN_BY","proof.Kant.Dom.exchange_roundTrips"
"obj.Kant.Wasm.Decode.RawInstr","INPUT_TO","proof.Kant.Wasm.Decode.instrDec.eq_2"
"obj.Kant.Wasm.BinOp","INPUT_TO","proof.Kant.Wasm.Decode.instrDec.eq_2"
"obj.Kant.Wasm.Decode.instrDec.eq_2","OUTPUT_OF","proof.Kant.Wasm.Decode.instrDec.eq_2"
"proof.Kant.Wasm.Decode.instrDec.eq_2","PROVES","obj.Kant.Wasm.Decode.instrDec.eq_2"
"obj.Kant.Wasm.Decode.instrDec.eq_2","PROVEN_BY","proof.Kant.Wasm.Decode.instrDec.eq_2"
"proof.Kant.Wasm.Decode.instrDec.eq_2","DEPENDS_ON","proof.Kant.Wasm.Decode.RawInstr"
"proof.Kant.Wasm.Decode.instrDec.eq_2","DEPENDS_ON","proof.Kant.Wasm.BinOp"
"obj.Kant.Uucp.stale_without_paste","OUTPUT_OF","proof.Kant.Uucp.stale_without_paste"
"proof.Kant.Uucp.stale_without_paste","PROVES","obj.Kant.Uucp.stale_without_paste"
"obj.Kant.Uucp.stale_without_paste","PROVEN_BY","proof.Kant.Uucp.stale_without_paste"
"obj.Kant.Cli.space_not_mem_decNum","OUTPUT_OF","proof.Kant.Cli.space_not_mem_decNum"
"proof.Kant.Cli.space_not_mem_decNum","PROVES","obj.Kant.Cli.space_not_mem_decNum"
"obj.Kant.Cli.space_not_mem_decNum","PROVEN_BY","proof.Kant.Cli.space_not_mem_decNum"
"obj.Kant.Handoff.carry_idem","OUTPUT_OF","proof.Kant.Handoff.carry_idem"
"proof.Kant.Handoff.carry_idem","PROVES","obj.Kant.Handoff.carry_idem"
"obj.Kant.Handoff.carry_idem","PROVEN_BY","proof.Kant.Handoff.carry_idem"
"obj.Kant.Join.codePart_junk","OUTPUT_OF","proof.Kant.Join.codePart_junk"
"proof.Kant.Join.codePart_junk","PROVES","obj.Kant.Join.codePart_junk"
"obj.Kant.Join.codePart_junk","PROVEN_BY","proof.Kant.Join.codePart_junk"
"obj.Kant.InviteCard.inviteCard_scan_room","OUTPUT_OF","proof.Kant.InviteCard.inviteCard_scan_room"
"proof.Kant.InviteCard.inviteCard_scan_room","PROVES","obj.Kant.InviteCard.inviteCard_scan_room"
"obj.Kant.InviteCard.inviteCard_scan_room","PROVEN_BY","proof.Kant.InviteCard.inviteCard_scan_room"
"obj.Kant.Wasm.Kernel.eval_reflect59E","OUTPUT_OF","proof.Kant.Wasm.Kernel.eval_reflect59E"
"proof.Kant.Wasm.Kernel.eval_reflect59E","PROVES","obj.Kant.Wasm.Kernel.eval_reflect59E"
"obj.Kant.Wasm.Kernel.eval_reflect59E","PROVEN_BY","proof.Kant.Wasm.Kernel.eval_reflect59E"
