"object_id","claim_id","proof_id","truth_status","proof_status","coverage","canonical_hash"
"obj.Kant.Dom.proofsOf.eq_1","claim.Kant.Dom.proofsOf.eq_1","proof.Kant.Dom.proofsOf.eq_1","PROVEN","VALID","PROVEN","53cd581b595df159d7a1398a3f7d2b2e5b47cb94b5478453f99a1695b01411d8"
"obj.Kant.Cli.cliSession_agree","claim.Kant.Cli.cliSession_agree","proof.Kant.Cli.cliSession_agree","PROVEN","VALID","PROVEN","2d684925fb5eb861691dc2d5263f2a0e4c7f2f258203d6fbfeca477b2afde818"
"obj.Kant.CardDebug.pairCodes.eq_2","claim.Kant.CardDebug.pairCodes.eq_2","proof.Kant.CardDebug.pairCodes.eq_2","PROVEN","VALID","PROVEN","a0c21536c93dee607483a6558eb41f837a9a5d65b5a1acd685499f8cb3839219"
"obj.Kant.Codec.canonEncFields.eq_2","claim.Kant.Codec.canonEncFields.eq_2","proof.Kant.Codec.canonEncFields.eq_2","PROVEN","VALID","PROVEN","7cd9eaad7d191ea58f2c6cfe6933efe21896663acf6d429f88398242eed8131c"
"obj.Kant.CardDebug.relative","--","--","ASSERTED","--","UNPROVEN","8bc7a51a3b37cbb8881abea7db71ef1b8e462949a2cf5556025c95778bbb7359"
"obj.Kant.Sheaf.instReprEigenSpace.repr","--","--","ASSERTED","--","UNPROVEN","a6e7a63b24e2a2c15228ae4cefa51c0e06bc244816aa7c0b770743007b640d18"
"obj.Kant.Codec.recover.eq_6","claim.Kant.Codec.recover.eq_6","proof.Kant.Codec.recover.eq_6","PROVEN","VALID","PROVEN","6c7ce7509738dab4954e235afff7bfc77fe45a66fa72667a8a73eab5a8a4ef8d"
"obj.Kant.Wasm.Kernel.fitsSocialE","--","--","ASSERTED","--","UNPROVEN","29675030c1706c22006aa7ca97548de58405fd924ac4de1c10b2a6a74f9741df"
"obj.Kant.Wasm.Decode.VType.ctorElimType","--","--","ASSERTED","--","UNPROVEN","2c3500f5330a39ac4e5c3c9eaba996b7b9ae85fa3e983e22bb3c03d944b34e9d"
"obj.Kant.Dom.Event","--","--","ASSERTED","--","UNPROVEN","9204b16267973075410a99eb1214306227413137085a7a4f5104c9f4d796573c"
"obj.Kant.Codec.Ipdl.noConfusionType","--","--","ASSERTED","--","UNPROVEN","579f4075eac7d94d47d76813d646392a07d09229d486102f2e33bd0648283f7c"
"obj.Kant.Codec.resolve.match_1","--","--","ASSERTED","--","UNPROVEN","3fcd735497caedbe4ffa0a880e927099090b2836d549ccd86d0f61bdd6ec2cc3"
"obj.Kant.Cli.Route","--","--","ASSERTED","--","UNPROVEN","cd2c22b4f8e0c569927959138049df46d96c8e58cec3f6e3034c8fde6a04df40"
"obj.Kant.Wasm.Encode.sec.eq_1","claim.Kant.Wasm.Encode.sec.eq_1","proof.Kant.Wasm.Encode.sec.eq_1","PROVEN","VALID","PROVEN","4aae8e92e896d29855097cd61e1a630b8abb5d36c18107662b3eec8cd0c38f99"
"obj.Kant.Codec.RawDoc.recOn","--","--","ASSERTED","--","UNPROVEN","8fcc648cd988423ee95898fd023748b19dc49ee72281ecd82a5d4f04e4a6552b"
"obj.Kant.Codec.embedList","--","--","ASSERTED","--","UNPROVEN","ea37cff83f38c7888f590541320a823be678a5edc28fafc6307d655a5dd4ed99"
"obj.Kant.Wasm.Decode.funcTypeDec.eq_1","claim.Kant.Wasm.Decode.funcTypeDec.eq_1","proof.Kant.Wasm.Decode.funcTypeDec.eq_1","PROVEN","VALID","PROVEN","8a1c77f0276c80e503bac089549f0d6add4945d5a444629fb41b8f04f8767944"
"obj.Kant.Codec.Trans.dest","--","--","ASSERTED","--","UNPROVEN","55848c63c4c8c528c48ff67b95e714f36d8a92efe5ce7956eea5971c68001f51"
"obj.Kant.Onboarding.Event.casesOn","--","--","ASSERTED","--","UNPROVEN","8a7e57979077ce429d4facfe0e0211651a178974e3b913bc9a285e8e55bab95f"
"obj.Kant.Dom.no_silent_upgrade","claim.Kant.Dom.no_silent_upgrade","proof.Kant.Dom.no_silent_upgrade","PROVEN","VALID","PROVEN","8d42cfe75a64d94aeb291494095da62d51b8e5e9daa653fca2ff19f967062fef"
"obj.Kant.Diagnostics.Log.ctorIdx","--","--","ASSERTED","--","UNPROVEN","91050bea9c9f356ce08ad2f2fab444e73bb2600f0ab1d3b283370bb988ca42ed"
"obj.Kant.Paste.ctorIdx","--","--","ASSERTED","--","UNPROVEN","da00c6e1f6cb98b136523045aa503dce5f6ff8b570f1706b15dc7ab4af8dbe88"
"obj.Kant.Dom.step.eq_8","claim.Kant.Dom.step.eq_8","proof.Kant.Dom.step.eq_8","PROVEN","VALID","PROVEN","3f7ddf281dc81641bde0dd1e6d2a4f660fe963b1ec48763bf5dd8513c459ca20"
"obj.Kant.Wasm.Decode.toRaw","--","--","ASSERTED","--","UNPROVEN","40b01bda33d287ac0218aac145738f8fa0326a6c31c66bf2ed8f0787ef494855"
"obj.Kant.Codec.Outp.mk.noConfusion","--","--","ASSERTED","--","UNPROVEN","82d6febe0ff6821ece85950ffc7ad8c9b21a414894a7f70065078e04483393eb"
"obj.Kant.Connectivity.Verdict.relayDown.elim","--","--","ASSERTED","--","UNPROVEN","f0c10798a1d43a6972e2024532f5b5e68bd8dc2fe5cdd1eb71df2702ff7ee398"
"obj.Kant.Connectivity.explain.eq_6","claim.Kant.Connectivity.explain.eq_6","proof.Kant.Connectivity.explain.eq_6","PROVEN","VALID","PROVEN","0bcf30bc2f0d5d21fd851e5fb8566d6ef33b12fd26e116bb37beda16cebb4008"
"obj.Kant.Sheaf.Section","--","--","ASSERTED","--","UNPROVEN","82104349382e591e61cc31f099739201001d5ca416619398f19bac790c0f02fb"
"obj.Kant.Dom.readCells","--","--","ASSERTED","--","UNPROVEN","ae8902becfafadae5dda5719ae521e3111dff71c14adff5879a5bd0b4e0a9f1b"
"obj.Kant.SiteCard.breakAt.eq_2","claim.Kant.SiteCard.breakAt.eq_2","proof.Kant.SiteCard.breakAt.eq_2","PROVEN","VALID","PROVEN","dccf27234738c442a80abfbcf9ad3ed518ba51e6c7293b7cdf79d494a26dda0f"
"obj.Kant.Codec.readDigits.eq_def","claim.Kant.Codec.readDigits.eq_def","proof.Kant.Codec.readDigits.eq_def","PROVEN","VALID","PROVEN","26376429a54d7c0d812dd861e93805b24e93f269619c86dfbea6000c6fc589d4"
"obj.Kant.Wasm.Decode.tags.match_1","--","--","ASSERTED","--","UNPROVEN","788a8acf86518e4d15bfdbef69613ada26b7afdea7878567078bf09a86928564"
"obj.Kant.Strip.readStrip_strip","claim.Kant.Strip.readStrip_strip","proof.Kant.Strip.readStrip_strip","PROVEN","VALID","PROVEN","88521dcbba5ea6c16dffd9229c144e8e9e098fcd3582dffb4558ba37e99cae28"
"obj.Kant.Diagnostics.Area.ctorIdx","--","--","ASSERTED","--","UNPROVEN","91bce4b38016ddb80a1f54ae9f34ce53c12303aa84fc3466ee7ab9f07885e4c1"
"obj.Kant.Codec.readRowList.eq_def","claim.Kant.Codec.readRowList.eq_def","proof.Kant.Codec.readRowList.eq_def","PROVEN","VALID","PROVEN","7af692c32487c83f66ed4e99a8a8dec428d21c5c8c694845a7d387656511da1a"
"obj.Kant.Codec.parseNatAll.eq_1","claim.Kant.Codec.parseNatAll.eq_1","proof.Kant.Codec.parseNatAll.eq_1","PROVEN","VALID","PROVEN","c6f90ba5d9eee3e37e304e81a6215088e0737f6feb7a40a9141dce28c36cf60e"
"obj.Kant.Cli.curlArgv.match_1","--","--","ASSERTED","--","UNPROVEN","995740770bf58e0a089e549e88163d4d5f46734db1bf194c24cd547dca48f2ef"
"obj.Kant.Relay.transcript_sorted","claim.Kant.Relay.transcript_sorted","proof.Kant.Relay.transcript_sorted","PROVEN","VALID","PROVEN","6743fecd27e68e6d069c1a796caa1d42117c5fdf5c8f52a798c3b378a37669fc"
"obj.Kant.Codec.xVal.match_1","--","--","ASSERTED","--","UNPROVEN","6c7781a816308c4f9587d9ed3ab5fec4c146b54151861675dd99f6b963c29aaa"
"obj.Kant.Codec.xStrClose.eq_1","claim.Kant.Codec.xStrClose.eq_1","proof.Kant.Codec.xStrClose.eq_1","PROVEN","VALID","PROVEN","b967aec4165d8f67fddd498faed939e482fa6cc53db5c3ed197bf8571b07a36a"
"obj.Kant.Wasm.Decode.RawInstr.binop.elim","--","--","ASSERTED","--","UNPROVEN","aaac1e04f9cf5095f9df755fdf0c7ab2ee72375ab5fce7af9d291b96ee2a340c"
"obj.Kant.SiteCard.toCard.match_1","--","--","ASSERTED","--","UNPROVEN","8f9ea5d158c36cd629e29458041b7219152fd0964219ab085c9fb8756333180b"
"obj.Kant.Dom.Tests.exTheorem","--","--","ASSERTED","--","UNPROVEN","8bd950a9bdf21f6ce90bfd9b37b5ef6f1e56a3e35520fbb279f51dc0eb9280b5"
"obj.Kant.Uucp.Site.visit","--","--","ASSERTED","--","UNPROVEN","f2b27a1363e9319bc7533045a2d87918458e257f7d39ce99d7fe0a4f8346c566"
"obj.Kant.Wasm.BinOp.shru.sizeOf_spec","claim.Kant.Wasm.BinOp.shru.sizeOf_spec","proof.Kant.Wasm.BinOp.shru.sizeOf_spec","PROVEN","VALID","PROVEN","6c7232639891884b76a5c822f627b758840e1ee61e681c3134d7f7a6c8e227be"
"obj.Kant.PlainText.Meta.posted","--","--","ASSERTED","--","UNPROVEN","7e52a52bee3bb2d321ceade43a47eef84554244b3f71519192abcc44c7691cd6"
"obj.Kant.Wasm.BinOp.ctorElim","--","--","ASSERTED","--","UNPROVEN","f712762ef2750b9e9efbcdb20985329149e1b457a63d7f981e5084fa61ea9a0b"
"obj.Kant.Dom.readAllRows.match_1","--","--","ASSERTED","--","UNPROVEN","2bdb8eda80659474488c2abf68340047010ddec3dc15ae0a6f97327ee00bd77d"
"obj.Kant.Dasl.Orbifold.n","--","--","ASSERTED","--","UNPROVEN","2f5c6879606109b0bcfbb9b80fea687baca1226dfb707296b0d57a1e5b639a61"
"obj.Kant.Bytes.hexVal","--","--","ASSERTED","--","UNPROVEN","be87c811b51ace2144e2e00da795164e0ecf6293c839f57bfb9afb2868497658"
"obj.Kant.Store.has","--","--","ASSERTED","--","UNPROVEN","3e45a9f4af8593ab7cd35c48e3b0acb85edbcee976d152710860c0aa17e6795e"
"obj.Kant.Dom.instInhabitedEvidence.default","--","--","ASSERTED","--","UNPROVEN","7da895f3798490e0f2c0d2ad497140d325565cbe75b573c6803623a36901c239"
"obj.Kant.Wasm.Decode.RawInstr.recOn","--","--","ASSERTED","--","UNPROVEN","b7db4556c1e2eee7c4f34c3423d99b840dceb1881612ac6d4aed7cbdbec8dc2a"
"obj.Kant.Diagnostics.Report.mk.noConfusion","--","--","ASSERTED","--","UNPROVEN","b5320f687b75966653dacdad22562801e6e36ad30aab1900351d76eecc3ef9bb"
"obj.Kant.Codec.parseIntAll.eq_1","claim.Kant.Codec.parseIntAll.eq_1","proof.Kant.Codec.parseIntAll.eq_1","PROVEN","VALID","PROVEN","105439539d1338204a190df72821a8a3f2469cc24e1842eee8df82dbe5da7161"
"obj.Kant.Codec.ExportReport.mk.noConfusion","--","--","ASSERTED","--","UNPROVEN","79cc8fada3917824eabf04965a70834729a7ff82dd677d0af246b4ed05b8ae2d"
"obj.Kant.Handoff.Move.payload.eq_2","claim.Kant.Handoff.Move.payload.eq_2","proof.Kant.Handoff.Move.payload.eq_2","PROVEN","VALID","PROVEN","ac22464f8072f035a631dfa1eb32ce126e33a00b0cbb2e6f302e0c6734d3b8cc"
"obj.Kant.Dom.Repair.ofNat_ctorIdx","claim.Kant.Dom.Repair.ofNat_ctorIdx","proof.Kant.Dom.Repair.ofNat_ctorIdx","PROVEN","VALID","PROVEN","273f53adf1734ba39684afc84a2ecfa0dfca38637ba410a9648d92c264601ee6"
"obj.Kant.Sneakernet.chunk","--","--","ASSERTED","--","UNPROVEN","f2584d86f19cf8611cabb71645bfe0ce98e50eae5015f99b1394bb9805ec6b08"
"obj.Kant.Clipboard.Receipt.noConfusion","--","--","ASSERTED","--","UNPROVEN","7b0c50e631dbe8aa734f1237197c064d1751697cb2c18f741211eac90f3f0a87"
"obj.Kant.Feed.mem_replies_iff","claim.Kant.Feed.mem_replies_iff","proof.Kant.Feed.mem_replies_iff","PROVEN","VALID","PROVEN","80f3b6420d30340b22200de74a98b8f87d842b75485f8d912451bb31f17fdbde"
"obj.Kant.Codec.instInhabitedProv.default","--","--","ASSERTED","--","UNPROVEN","9033a33566d935e8f3c042afbda0b48b0409c340230cfe6e665785b478ebbb91"
"obj.Kant.Paste.mk.sizeOf_spec","claim.Kant.Paste.mk.sizeOf_spec","proof.Kant.Paste.mk.sizeOf_spec","PROVEN","VALID","PROVEN","8a9bfd7f8583ce567582489eba6e2099bce3591b1156ddd049baa3d8a7875093"
"obj.Kant.Dom.Decl.ofVal.eq_2","claim.Kant.Dom.Decl.ofVal.eq_2","proof.Kant.Dom.Decl.ofVal.eq_2","PROVEN","VALID","PROVEN","6605e5fa6e097e8f862c06a9d616174c65ca24fcd736c3655b29682f14a487c2"
"obj.Kant.Wasm.Expr.wfb.eq_6","claim.Kant.Wasm.Expr.wfb.eq_6","proof.Kant.Wasm.Expr.wfb.eq_6","PROVEN","VALID","PROVEN","83770b7f86874fcb5aa44bebadd9661875a28099cd53a5711c87901f59d14d3e"
"obj.Kant.Codec.Val.obj.injEq","claim.Kant.Codec.Val.obj.injEq","proof.Kant.Codec.Val.obj.injEq","PROVEN","VALID","PROVEN","7fbbad48d565ba5d480b516857f2e0bae40d75e0aaf840d7dba229131fa78974"
"obj.Kant.Sync.get_sync_iff","claim.Kant.Sync.get_sync_iff","proof.Kant.Sync.get_sync_iff","PROVEN","VALID","PROVEN","bf7900ad1b9ae703adddbd9dbe6792306bf22369f8b6e9a982efe2dd35dc0c46"
"obj.Kant.Feed.root_mem_thread","claim.Kant.Feed.root_mem_thread","proof.Kant.Feed.root_mem_thread","PROVEN","VALID","PROVEN","9760ac8852955d6e0d29638b8c90bc015aba026e99465008878613c98144929b"
"obj.Kant.Wasm.exec.eq_1","claim.Kant.Wasm.exec.eq_1","proof.Kant.Wasm.exec.eq_1","PROVEN","VALID","PROVEN","66eae39e74d9db473ba02c15cbccef343cee86c2e1ed2c654e11395a0551f782"
"obj.Kant.Strip.ofQuote","--","--","ASSERTED","--","UNPROVEN","461b3c03063d8a691b69c8a5c4594cfef11181eccabd47cb3ec2bfe587616e80"
"obj.Kant.Sync.Source.ctorIdx","--","--","ASSERTED","--","UNPROVEN","5250679430b6f126151ab74fdba5bb39d9e0c84da3b022c0ec5a18fb5c7eea33"
"obj.Kant.Codec.instInhabitedStrategy.default","--","--","ASSERTED","--","UNPROVEN","d9a5a5018ece73b747aafe93cc960a7457a34ae47c7e8c3dbfd27953b5dbfa7a"
"obj.Kant.Codec.conformance_level4","claim.Kant.Codec.conformance_level4","proof.Kant.Codec.conformance_level4","PROVEN","VALID","PROVEN","0853bd3eb1e78e49378962b977b97d1e2c80015c1d64c4336b978ed580084158"
"obj.Kant.Codec.Verdict.conflict.elim","--","--","ASSERTED","--","UNPROVEN","1daa9dec714b61b49ebf9ff34f70e3af80c38e14925f93323298389830f6cefd"
"obj.Kant.Relay.Server.lines.match_1","--","--","ASSERTED","--","UNPROVEN","0df07130e05edab67778849de69d8009bd9863e72ae5b6c8db44e03ab494681b"
"obj.Kant.Wasm.Instr.localGet.elim","--","--","ASSERTED","--","UNPROVEN","64167dbfac6d73383c1a8ef5d6f1bbbbc56b9c3fe530305e98bcd86067f14c61"
"obj.Kant.Codec.exportReport","--","--","ASSERTED","--","UNPROVEN","ff65037c832d327b09c024c52cb3bd28ea8466a30dc1b3212173c51dc372f68e"
"obj.Kant.Dom.instInhabitedTruth","--","--","ASSERTED","--","UNPROVEN","1a8db95a00897fd2586290fcae604615605b68ed271f3e8cdb4283733b82634f"
"obj.Kant.Dom.Truth.toCtorIdx","--","--","ASSERTED","--","UNPROVEN","67177a4611c57c12564cf5acc54434ed42ab685f3c3cf22c3986b05e5b81c4c7"
"obj.Kant.SiteCard.Card.Wf","--","--","ASSERTED","--","UNPROVEN","24c4f125f58874365a79acd69e8c8229eaafcd4e065e1b10c84086d2eeac5303"
"obj.Kant.Dom.Relation","--","--","ASSERTED","--","UNPROVEN","bc04d792b38783d322564873ab3c70808e3e0c4dce4cc4b959c42c977f6a8966"
"obj.Kant.CodeMovie.instReprCircuit.repr","--","--","ASSERTED","--","UNPROVEN","b6c27b5d79cd92b3e52c6810104a69301cc3588a2c97e6a90bb3e1ef027b7c06"
"obj.Kant.Codec.decodeVal.match_1","--","--","ASSERTED","--","UNPROVEN","74898dddff475fb7917460542505e6bc4765d265ec84272da15152f669e81f42"
"obj.Kant.Wasm.Encode.cmpOpcode.eq_2","claim.Kant.Wasm.Encode.cmpOpcode.eq_2","proof.Kant.Wasm.Encode.cmpOpcode.eq_2","PROVEN","VALID","PROVEN","2bd9fa42ba273af46038d68ac1eee767e14b4aeedf82d01ac195cfca9df0058d"
"obj.Kant.Dom.DomObj.inputs","--","--","ASSERTED","--","UNPROVEN","5de6dd4480bf0bf1f90b4d4f20b1c3be189078e26727b08b8d3454b7d4bec0a8"
"obj.Kant.Wasm.Decode.toRaw.eq_1","claim.Kant.Wasm.Decode.toRaw.eq_1","proof.Kant.Wasm.Decode.toRaw.eq_1","PROVEN","VALID","PROVEN","3613120fa8e60d8a599930b390b5eca5b8c5efc3511d57c473998c9151d47dff"
"obj.Kant.Dom.idsVal.eq_1","claim.Kant.Dom.idsVal.eq_1","proof.Kant.Dom.idsVal.eq_1","PROVEN","VALID","PROVEN","85600c8ba7f1664a144d68d7fca7c6dd430fd9ba232df4243a82a14848aba6f7"
"obj.Kant.Codec.ipdlText.eq_1","claim.Kant.Codec.ipdlText.eq_1","proof.Kant.Codec.ipdlText.eq_1","PROVEN","VALID","PROVEN","3fa62e9d3f2db60ca41d031b0ca1dde7bd4d14a4aaaeb992f75790458ef5891d"
"obj.Kant.Codec.Prov.mk.injEq","claim.Kant.Codec.Prov.mk.injEq","proof.Kant.Codec.Prov.mk.injEq","PROVEN","VALID","PROVEN","83d6832e6ed6135342588ff4e0d443485b1afb602bcf0789f9f4e0814c02996e"
"obj.Kant.Wasm.Expr.bin.inj","claim.Kant.Wasm.Expr.bin.inj","proof.Kant.Wasm.Expr.bin.inj","PROVEN","VALID","PROVEN","d47e6e6c856f9f1fe94db71a929e8d447187e0f4e6fdccdd0a486668c4d71312"
"obj.Kant.Wasm.Kernel.eval_fnvStepE","claim.Kant.Wasm.Kernel.eval_fnvStepE","proof.Kant.Wasm.Kernel.eval_fnvStepE","PROVEN","VALID","PROVEN","2d27f7b2d71b0668835864f864ade02b5fa8c3a2378e098e27ed4d7f490a2591"
"obj.Kant.Sheaf.DaslType.ctorElim","--","--","ASSERTED","--","UNPROVEN","2dc23ffff1b8fee81ff9ea10f1a19acb148a8aebc8f7356e3d9c4cddebd00671"
"obj.Kant.Wasm.Decode.typecheck","--","--","ASSERTED","--","UNPROVEN","a4c3904eb33095aa2faa1bd62fbee36d700dc0b863904284dde55da3c4e30037"
"obj.Kant.Diagnostics.Area.socket.elim","--","--","ASSERTED","--","UNPROVEN","a598601175c3543173fad6ac55acc6e6cae2f49c5fb24de367efb53cfc0f5d48"
"obj.Kant.Sheaf.instFintypeEncoding","--","--","ASSERTED","--","UNPROVEN","4d14b226d12b6589fbca0f4ffbd47716e60afce856494aa30a8d6ee8d77bac30"
"obj.Kant.Dom.validates","--","--","ASSERTED","--","UNPROVEN","a019d8f6a2a63e1031ca1cbd0bccd4d3c641499555f43b86da9c637673255a29"
"obj.Kant.Codec.Prov.transformations","--","--","ASSERTED","--","UNPROVEN","bc20fb63a883f3aca4bc6f2e4eae22ef2fe71f28117e38b274024ff8db7fd8c5"
"obj.Kant.Diagnostics.instReprEvent","--","--","ASSERTED","--","UNPROVEN","a154d24ef9aab0a25e131b2ee3fb0bc5b75b7bb01535329cfc89693d5168b33f"
"obj.Kant.SiteCard.splitCh_of_not_mem","claim.Kant.SiteCard.splitCh_of_not_mem","proof.Kant.SiteCard.splitCh_of_not_mem","PROVEN","VALID","PROVEN","7bf3c637fa17c63d0273d763a8b6ef1258ac844d8a1621afea2043a0cc0df534"
"obj.Kant.Clipboard.Receipt.credits","--","--","ASSERTED","--","UNPROVEN","2a3632bad29f2a05d83061ebdfe81ea2bb7994ccebb148ff89d53a8a0e2b361c"
"obj.Kant.Uucp.Node.mk.inj","claim.Kant.Uucp.Node.mk.inj","proof.Kant.Uucp.Node.mk.inj","PROVEN","VALID","PROVEN","e3215ac5986d25ba03126a7ee7a36da5f0075c692a78292cfcc2ffbce4795897"
"obj.Kant.Cli.say_curl_roundTrip","claim.Kant.Cli.say_curl_roundTrip","proof.Kant.Cli.say_curl_roundTrip","PROVEN","VALID","PROVEN","c8f9b0dcaf4b24817216ec7eacad31f6594aed4d61fc153372203b4d909526e8"
"obj.Kant.Dom.Wf.proofRefsResolve","claim.Kant.Dom.Wf.proofRefsResolve","proof.Kant.Dom.Wf.proofRefsResolve","PROVEN","VALID","PROVEN","53146a9146f8c6a58e0b56f57508fbc29980eff0aeec60179f67d347ca4b8cb4"
"obj.Kant.CardDebug.userCard_warnings","claim.Kant.CardDebug.userCard_warnings","proof.Kant.CardDebug.userCard_warnings","PROVEN","VALID","PROVEN","a49ecc58ab69c7185cf5eee3c2084d1be7d8f586422d495e13e001be2e3bf461"
"obj.Kant.Codec.readXAttr","--","--","ASSERTED","--","UNPROVEN","f6b02c3686ee912e07c6fd9b5761571126e275ce8dc408505046f1fa4ffd4673"
"obj.Kant.CodeMovie.Circuit.tokens.eq_5","claim.Kant.CodeMovie.Circuit.tokens.eq_5","proof.Kant.CodeMovie.Circuit.tokens.eq_5","PROVEN","VALID","PROVEN","71445ecb05c0f0bc6a0346d265383a3f8c97360bd05afd4a0bd26b723ceb747d"
"obj.Kant.Uucp.Carrier.recOn","--","--","ASSERTED","--","UNPROVEN","a27b214c8817be1ac055c5ba18b9eb550d682ec8e41994acff98f0a411094737"
"obj.Kant.Wasm.Encode.module_sections","claim.Kant.Wasm.Encode.module_sections","proof.Kant.Wasm.Encode.module_sections","PROVEN","VALID","PROVEN","bfd87566e55d4b23f93c8ab06002fae81d36f5a99eff724966f04d3bd9a810ce"
"obj.Kant.Dom.instReprPStatus.repr","--","--","ASSERTED","--","UNPROVEN","7adf26243f06efd575689c7bf1b689020e04a53fe64fb33f8d856b2c802f868c"
"obj.Kant.Onboarding.Event.noConfusion","--","--","ASSERTED","--","UNPROVEN","f13e350669e7f6a6fc9fd63d6ee5e07953e8526a7a30b008e86b51a97d80228b"
"obj.Kant.Sync.Feed.mk.sizeOf_spec","claim.Kant.Sync.Feed.mk.sizeOf_spec","proof.Kant.Sync.Feed.mk.sizeOf_spec","PROVEN","VALID","PROVEN","2fc792a7544022034af3a6ac011eb358c27838748c4ce989c02f55161ffda19e"
"obj.Kant.Wasm.Expr.sub.eq_1","claim.Kant.Wasm.Expr.sub.eq_1","proof.Kant.Wasm.Expr.sub.eq_1","PROVEN","VALID","PROVEN","b2fe88699e4e59fe7ca574450afb18b16760f35d79cd5e98b6b69195b14a8fab"
"obj.Kant.CardDebug.explain.eq_1","claim.Kant.CardDebug.explain.eq_1","proof.Kant.CardDebug.explain.eq_1","PROVEN","VALID","PROVEN","eb223749796d5591f434ae70cd0cd94e72cd875abb70858b58bdd8836f0870c8"
"obj.Kant.CardDebug.userCard_no_room","claim.Kant.CardDebug.userCard_no_room","proof.Kant.CardDebug.userCard_no_room","PROVEN","VALID","PROVEN","853422a29c81a159cf9f1818ee1999d61e035638b97d17d38e8b96a9551e93d0"
"obj.Kant.Relay.Msg.ctorIdx","--","--","ASSERTED","--","UNPROVEN","6332f9c690e278167a2dc81a34911eb9745f05928233ee68b96e3d052125b44b"
"obj.Kant.Paste.escapedTitle_recoverable","claim.Kant.Paste.escapedTitle_recoverable","proof.Kant.Paste.escapedTitle_recoverable","PROVEN","VALID","PROVEN","8a63dbbe4b6ffb85f3b9648400d73c2a361b83250e77a8176a243a5490ff96fc"
"obj.Kant.Codec.Trans.inputHash","--","--","ASSERTED","--","UNPROVEN","3923dc8d58e707ea7a194502edac8edd9c9f0bbd35a7454c73ead331c37ab12f"
"obj.Kant.Wasm.Kernel.cidPrefixE.eq_1","claim.Kant.Wasm.Kernel.cidPrefixE.eq_1","proof.Kant.Wasm.Kernel.cidPrefixE.eq_1","PROVEN","VALID","PROVEN","7c9287dde102a5feaa7e43c66c903c91da428042b5c3b9d8daba71065490f76b"
"obj.Kant.PlainText.metaOf_render","claim.Kant.PlainText.metaOf_render","proof.Kant.PlainText.metaOf_render","PROVEN","VALID","PROVEN","89b969c4b312b396f0cc5d58779154d94458e4d211db15600384e515831c44e3"
"obj.Kant.Handoff.instDecidableEqStep.decEq.match_1","--","--","ASSERTED","--","UNPROVEN","c1c33f78a06b015ca808f9efafacbe97db718e0f4f111d026f80ddaf6f80cf8d"
"obj.Kant.SiteCard.Config.mk.noConfusion","--","--","ASSERTED","--","UNPROVEN","3feceabfe8809382346ffa1747843f659ba1d2435761ffdc6fb034c5f1a1853f"
"obj.Kant.Sheaf.EigenSpace.enumList_getElem?_ctorIdx_eq","claim.Kant.Sheaf.EigenSpace.enumList_getElem?_ctorIdx_eq","proof.Kant.Sheaf.EigenSpace.enumList_getElem?_ctorIdx_eq","PROVEN","VALID","PROVEN","7899c5c212c874bc81c575e702d1d497d2d88c706ed7b88ac4e765baa606c3c5"
"obj.Kant.CardDebug.roomOf?.match_1","--","--","ASSERTED","--","UNPROVEN","15c7dd1aae2667e90692be49235d01ae9cd21b6bd8630f9372a5582c61df8228"
"obj.Kant.Dom.readAllRows.eq_3","claim.Kant.Dom.readAllRows.eq_3","proof.Kant.Dom.readAllRows.eq_3","PROVEN","VALID","PROVEN","e92e7ca9883a4d8e4822020b606b7069dd7aae2cf2728b580f28a2f3d8f88b13"
"obj.Kant.Dom.Decl.sorried","--","--","ASSERTED","--","UNPROVEN","2fa5fb2788db377f997735acad3a207c677e2b2e5eb3a10db1884896f204befa"
"obj.Kant.Uucp.Site.mk.sizeOf_spec","claim.Kant.Uucp.Site.mk.sizeOf_spec","proof.Kant.Uucp.Site.mk.sizeOf_spec","PROVEN","VALID","PROVEN","00bbba404d3a9f17f867283959d32024c7a9f56f6f87d35d10c1f1a20e854c1a"
"obj.Kant.SiteCard.flatten_infix_cardSvg","claim.Kant.SiteCard.flatten_infix_cardSvg","proof.Kant.SiteCard.flatten_infix_cardSvg","PROVEN","VALID","PROVEN","aaf2e84f219399111019f6fbe6be17dee7ead5b703f168531f3f460e839952c0"
"obj.Kant.Sync.Source.uucp.sizeOf_spec","claim.Kant.Sync.Source.uucp.sizeOf_spec","proof.Kant.Sync.Source.uucp.sizeOf_spec","PROVEN","VALID","PROVEN","49c9864bec47ace2b5d525ba17b27b356426b311b60f587c95e76f7fb5a8accf"
"obj.Kant.Rendezvous.Address.noConfusionType","--","--","ASSERTED","--","UNPROVEN","1f816f339e5c1dac9996c28ec3e03f9fac234a4a9b11b6d233dd415bd68f3005"
"obj.Kant.Codec.Outp.mk.injEq","claim.Kant.Codec.Outp.mk.injEq","proof.Kant.Codec.Outp.mk.injEq","PROVEN","VALID","PROVEN","d77eb5915fe75a79e012a7fa90eafec685e5b2c47e3373431fb8f31c016d25c0"
"obj.Kant.Connectivity.SharedRelay","--","--","ASSERTED","--","UNPROVEN","2806c34214edb5ddc968df49f1c5daaa6f84fa1d6f61fc7782b16c1c0d9a9f84"
"obj.Kant.Codec.Outp.mk.sizeOf_spec","claim.Kant.Codec.Outp.mk.sizeOf_spec","proof.Kant.Codec.Outp.mk.sizeOf_spec","PROVEN","VALID","PROVEN","19d3b3d31918dd23977fe47c195bdc180a828e2ed44d774976a5fbf2e8f90bde"
"obj.Kant.Erdfa.escapeChar_no_markup","claim.Kant.Erdfa.escapeChar_no_markup","proof.Kant.Erdfa.escapeChar_no_markup","PROVEN","VALID","PROVEN","a2485df82cfc6f5f53f08f71981384ace7a5f9f26916a925ecc4807c3240e532"
"obj.Kant.Dom.Rel.proves.elim","--","--","ASSERTED","--","UNPROVEN","2261025016af1df83a5fa4da4e8c5d6bd5e77db316dff9b696cc09cdd8b5d339"
"obj.Kant.Codec.Difference.kind","--","--","ASSERTED","--","UNPROVEN","34348c1313bb9041435c0c36d33179ae7fb4567bb5675d03cea4fc8d9a8af0f0"
"obj.Kant.Dom.PStatus.partial.sizeOf_spec","claim.Kant.Dom.PStatus.partial.sizeOf_spec","proof.Kant.Dom.PStatus.partial.sizeOf_spec","PROVEN","VALID","PROVEN","f6dd4c54e141bc8128abb4238fcbae6e6879c4ad5904341b84ab5e37a8c41408"
"obj.Kant.Codec.Obj.status","--","--","ASSERTED","--","UNPROVEN","98d6bf48c467c271da3e1611e5df236e1b23449d5f8ce10370681eaca7135ad0"
"obj.Kant.Wasm.Decode.RawInstr.i64const.noConfusion","--","--","ASSERTED","--","UNPROVEN","44e531d933e1016d783440c5c3fb599a2ca9aa779b48f2cf07566993368ab8dc"
"obj.Kant.Onboarding.State.noConfusion","--","--","ASSERTED","--","UNPROVEN","0a225eb3469be10abb811e12eccf1c0d64fdf3b5e0b02eac56c819ed9bd0755f"
"obj.Kant.Wasm.Instr.binop.inj","claim.Kant.Wasm.Instr.binop.inj","proof.Kant.Wasm.Instr.binop.inj","PROVEN","VALID","PROVEN","921f2afbd13e9527432d6fec304844ec267b30cde0893925722135bb37ca2f7a"
"obj.Kant.Diagnostics.areaOfCode_code","claim.Kant.Diagnostics.areaOfCode_code","proof.Kant.Diagnostics.areaOfCode_code","PROVEN","VALID","PROVEN","fec2f85cd7457e6dae25caed9983cecad7b210e17e7666a71d9dfc9515587ac4"
"obj.Kant.Text.IsAscii","--","--","ASSERTED","--","UNPROVEN","0ae47724fc87ebce038d42eaf11cd229dab034d584c91448d9e3b6735d61daa3"
"obj.Kant.Dom.PStatus.ofName","--","--","ASSERTED","--","UNPROVEN","f8b7a003ff8624eb81df9d0cfdf17270a097a13e06ce384964e484e68d1bc1ae"
"obj.Kant.Clipboard.pasteAll_copyAll","claim.Kant.Clipboard.pasteAll_copyAll","proof.Kant.Clipboard.pasteAll_copyAll","PROVEN","VALID","PROVEN","ff4ab6f2a6aec58749a57b20f76bdfe469aca29c79c7429ddbfbea1c0fd0f6da"
"obj.Kant.Cli.parseArgv.eq_2","claim.Kant.Cli.parseArgv.eq_2","proof.Kant.Cli.parseArgv.eq_2","PROVEN","VALID","PROVEN","074e6ddce2c65f5723a9a27fe7807a2408c12a6f4638e75df3fc1df3efbcdd5a"
"obj.Kant.Codec.Prov.recOn","--","--","ASSERTED","--","UNPROVEN","faeb2bc01c4794439cc6b65d7342695881d80f31538e4039ec634973ea553aee"
"obj.Kant.Onboarding.instDecidableEqTask","--","--","ASSERTED","--","UNPROVEN","976ba81cf75fceb999a6e4ab20bdbfb672881c05f857b5f3ce58661b6b8455f0"
"obj.Kant.Codec.xEntryClose.eq_1","claim.Kant.Codec.xEntryClose.eq_1","proof.Kant.Codec.xEntryClose.eq_1","PROVEN","VALID","PROVEN","765f23e9c0a807c2abd27bd6e29e9e251de86d943e3e113c94bcca13fe7da09f"
"obj.Kant.Codec.declaredLossiness.match_1","--","--","ASSERTED","--","UNPROVEN","cd3f5422a2c472cdcb6dd3efa76c2452d6f813fd974787a7fa6497fa8e43f60c"
"obj.Kant.Dom.ProofRec.claimRefs","--","--","ASSERTED","--","UNPROVEN","92ff990017f0c4ded25ec089e6d044099b1ef6ab835e36305fa25c58a3dd6cab"
"obj.Kant.Diagnostics.joinLines.match_1","--","--","ASSERTED","--","UNPROVEN","faa0388acf3d9d75d8a2c3e30ca843d27dd14332ec61f02f240f93b3680b27ac"
"obj.Kant.Stego.toBits.eq_1","claim.Kant.Stego.toBits.eq_1","proof.Kant.Stego.toBits.eq_1","PROVEN","VALID","PROVEN","a7de4833e5e7ad7d95453b95aa6c6fda0666ae1f70e2f1ff14b4908bfc34327c"
"obj.Kant.Dom.Event.assertedBy.sizeOf_spec","claim.Kant.Dom.Event.assertedBy.sizeOf_spec","proof.Kant.Dom.Event.assertedBy.sizeOf_spec","PROVEN","VALID","PROVEN","d90f55b7447d119c7e692957956cea5730bdde7673ab5ffab7fcd76820a21975"
"obj.Kant.Join.mem_hexEncode_isCodeChar","claim.Kant.Join.mem_hexEncode_isCodeChar","proof.Kant.Join.mem_hexEncode_isCodeChar","PROVEN","VALID","PROVEN","3ae934050966c1184f01976c58aef5cb0f89a62b32f8b576d17fc7cfce018699"
"obj.Kant.Codec.Trans.errors","--","--","ASSERTED","--","UNPROVEN","1ecb847d582c58c9297c009fb33f31662733e7169860d4431022b75e9f0a2c70"
"obj.Kant.CardDebug.Pairing.connectable.elim","--","--","ASSERTED","--","UNPROVEN","950d6e4a13d3e84675b58093f5d30be174ab7eb508e8453873f390d83ceb2183"
"obj.Kant.Feed.Row.replyTo","--","--","ASSERTED","--","UNPROVEN","6778ba2d6dfdc8f7310df06111fbb53c105e1de79d4e50bd4766e7d820803d12"
"obj.Kant.Rendezvous.Invite.mk.inj","claim.Kant.Rendezvous.Invite.mk.inj","proof.Kant.Rendezvous.Invite.mk.inj","PROVEN","VALID","PROVEN","d877a2f7d3faae56e10f279958e8a731e74d3e920f40ed70c0dbf2c12b4165ab"
"obj.Kant.Cli.decAux","--","--","ASSERTED","--","UNPROVEN","d7b7d04b430b91b41ebb4502441b6a0711213e41562bfe2a91b44b43c1ea939d"
"obj.Kant.Uucp.Fresher","--","--","ASSERTED","--","UNPROVEN","0d06573f190bf8ff7f0901470c1dc00c1d68c43fdfdd4fa52bd371e86abbcb32"
"obj.Kant.Dom.Truth.derived.elim","--","--","ASSERTED","--","UNPROVEN","c29d69848049b9680eca96e6c73d65e36cc473f2fe2373ae688f5306da8af579"
"obj.Kant.Clipboard.instReprEnvelope.repr","--","--","ASSERTED","--","UNPROVEN","43ba9a087fa156c9e9d49dac8b9dce067a8c1ae328fde013333a767fbb24d070"
"obj.Kant.Codec.Compat.casesOn","--","--","ASSERTED","--","UNPROVEN","c9d792888eef70032f0ec2105aa0bbb0a436268182ac51a9f4aab2ac67960996"
"obj.Kant.Diagnostics.encode_ne_nil","claim.Kant.Diagnostics.encode_ne_nil","proof.Kant.Diagnostics.encode_ne_nil","PROVEN","VALID","PROVEN","89ae8099ca994d15fa1f5ced1ff147320db790e708e3ab0704b808c4cdbbb3a4"
"obj.Kant.Sneakernet.Frame.ctorIdx","--","--","ASSERTED","--","UNPROVEN","0c85ecc1b1bb2a3f5b9200143d5d177cc495bb95a4c1b225e6329d5de8029452"
"obj.Kant.Codec.Ipdl.annot.elim","--","--","ASSERTED","--","UNPROVEN","262a59420000dbe4fccf23ca1518f5b732d966554f0628eab94d4c2e7a88030d"
"obj.Kant.Cli.instDecidableEqReq","--","--","ASSERTED","--","UNPROVEN","83632881cd36b5df00d05d30f308c6dc9811521b1091afa542ba9b4c18ae5c22"
"obj.Kant.Wasm.CmpOp.leu.elim","--","--","ASSERTED","--","UNPROVEN","4bb6c14050c2cad277b5b023cbba7dfdaf5d07fae70e28e442c0a64ff032048f"
"obj.Kant.Codec.Level.ofNat","--","--","ASSERTED","--","UNPROVEN","8944c9bde807d360d4ca38358638e953860bc4ad95a0b0de96ef138ccc94bf51"
"obj.Kant.Sheaf.EigenSpace.ctorElimType","--","--","ASSERTED","--","UNPROVEN","574837b2b1ed882853c5b9a9e978578314dae82c528521ee5033d5c1b7923d09"
"obj.Kant.Codec.splitLines.eq_def","claim.Kant.Codec.splitLines.eq_def","proof.Kant.Codec.splitLines.eq_def","PROVEN","VALID","PROVEN","68ea214c7a72f8f2f74f0afe4e8cd2d5baa6ae4716eee19c0fc054d77efeecaf"
"obj.Kant.Dasl.cidType.eq_1","claim.Kant.Dasl.cidType.eq_1","proof.Kant.Dasl.cidType.eq_1","PROVEN","VALID","PROVEN","4b577aef044126f1432ab75b9b8c1056a1d3b9424b985bab912acda2f3561aa0"
"obj.Kant.Dom.Decl","--","--","ASSERTED","--","UNPROVEN","f778129ef28ee364e6a7783bc5e0a547c8e7c0c2e57035eacfe9f8293958044d"
"obj.Kant.Codec.digitsFold.match_1","--","--","ASSERTED","--","UNPROVEN","5999463462b15f74bfca2dbb19aba507bf1c8ab876d29a2abef499f8b4b9ab5d"
"obj.Kant.Uucp.instReprCarrier.repr.match_1","--","--","ASSERTED","--","UNPROVEN","e01fc6bf09f9e841c34e66866ac0133efc6a942a2606c89391daec19509d3340"
"obj.Kant.Codec.instReprVal.repr.match_1","--","--","ASSERTED","--","UNPROVEN","992db906504c22cdc1df96dbfa98ccaaf3e93861b26a49bfeae767cbdef897fc"
"obj.Kant.Codec.instReprLevel.repr","--","--","ASSERTED","--","UNPROVEN","a42b0c18e2c52420fbb116d8e50df0e317731175875dee9625b97d84f4687219"
"obj.Kant.Dom.tableText.eq_1","claim.Kant.Dom.tableText.eq_1","proof.Kant.Dom.tableText.eq_1","PROVEN","VALID","PROVEN","ff40aa9ca806c33ebae6b2229de08679d477118f04ca3e989cbbefb5e82ec0c3"
"obj.Kant.Codec.digitVal.eq_3","claim.Kant.Codec.digitVal.eq_3","proof.Kant.Codec.digitVal.eq_3","PROVEN","VALID","PROVEN","ec5d6744b8cca4143071522f61add3471992bc5f2d2029baba3bde3f4e60276d"
"obj.Kant.Dom.proofsTable_recovers","claim.Kant.Dom.proofsTable_recovers","proof.Kant.Dom.proofsTable_recovers","PROVEN","VALID","PROVEN","ed49eb156ffda08e0a74c088bab30df955275237044be8a88bbbcd5eaab33c93"
"obj.Kant.Codec.Ipdl.brecOn_3.eq","claim.Kant.Codec.Ipdl.brecOn_3.eq","proof.Kant.Codec.Ipdl.brecOn_3.eq","PROVEN","VALID","PROVEN","d3602a2b868db4e56c1c5afea235d5dafa565b6eee6b43efc01cbf45192cee14"
"obj.Kant.CardDebug.Code.ctorIdx","--","--","ASSERTED","--","UNPROVEN","6e86cfc318ebbfe114a8b88af603ef4e205a7f1df27ae713f6f5e549829a44f0"
"obj.Kant.Dom.proofsVal.eq_1","claim.Kant.Dom.proofsVal.eq_1","proof.Kant.Dom.proofsVal.eq_1","PROVEN","VALID","PROVEN","71c3eaab422417cf1bce708bde7d08ac5046f90c3f604d1531271858d2ed75a2"
"obj.Kant.Dom.Domain.provenance","--","--","ASSERTED","--","UNPROVEN","ecb6ab7e404731ec6ceaf5a9d61dccc713475ab137f4739a3d8c95bc960959e5"
"obj.Kant.Handoff.instDecidableEqMove","--","--","ASSERTED","--","UNPROVEN","cc8b3546bdd2352a2d275f47b8ab76bd4f94cfa6e3c53344a3fb2173f1f8d657"
"obj.Kant.Demo.storeB","--","--","ASSERTED","--","UNPROVEN","b1dba861d58e747749e226f8806179a4e1d66d58b530f85d50c6a6be0d50cb0a"
"obj.Kant.Dom.Coverage.ofNat_ctorIdx","claim.Kant.Dom.Coverage.ofNat_ctorIdx","proof.Kant.Dom.Coverage.ofNat_ctorIdx","PROVEN","VALID","PROVEN","a15919a0479ce14299376d3e41245e7d13c9c7d1227df81c3bab558bb6f83f97"
"obj.Kant.Codec.diffVal.eq_5","claim.Kant.Codec.diffVal.eq_5","proof.Kant.Codec.diffVal.eq_5","PROVEN","VALID","PROVEN","5e4683978c26ebf825bf949dd75da08bb89f512f763a99663d865340064d9769"
"obj.Kant.Sheaf.instDecidableEqSection","--","--","ASSERTED","--","UNPROVEN","28abafb43495489114350c9cbe66ce8eb9f919e4350108cbbe295dbaac53b648"
"obj.Kant.Codec.Ipdl.obj.elim","--","--","ASSERTED","--","UNPROVEN","16779e8842a71e3769cf43fb25dc4f546482df08ab92126d3a9c32bc3537fa0a"
"obj.Kant.Codec.conformance_level3","claim.Kant.Codec.conformance_level3","proof.Kant.Codec.conformance_level3","PROVEN","VALID","PROVEN","09bcdc672cf55a5363c32c57512ca19805b0d660ce507d3914c06f66d6e4ae6e"
"obj.Kant.Handoff.script_length","claim.Kant.Handoff.script_length","proof.Kant.Handoff.script_length","PROVEN","VALID","PROVEN","6c5ac1ab12891f6de8bc1cfbffd2dcfa2d23100b8790a52f320dccb818dcbf7c"
"obj.Kant.Codec.unescChar","--","--","ASSERTED","--","UNPROVEN","9e5e7ddf9e705927ab9d2a394d24279cd5720102f3a542653ff86808fa37650a"
"obj.Kant.Relay.Server.noConfusion","--","--","ASSERTED","--","UNPROVEN","a84b7bd54e13ea8755297042297b9984a277ada302997205e12c9a230aec21e2"
"obj.Kant.Codec.yamlEncList_head","claim.Kant.Codec.yamlEncList_head","proof.Kant.Codec.yamlEncList_head","PROVEN","VALID","PROVEN","e139423788c596149bb8660916cfe097b5def02f58d7d5627f5790540fcbe1d5"
"obj.Kant.Pipeline.blobToNats_lt","claim.Kant.Pipeline.blobToNats_lt","proof.Kant.Pipeline.blobToNats_lt","PROVEN","VALID","PROVEN","4cef1ee33d4aafee53f7705987f830f1b8d218bae0323bb8c9652cfe9f3df5fb"
"obj.Kant.Codec.diffFields","--","--","ASSERTED","--","UNPROVEN","0785b5711d034afab5bb29b1047d4b0d2c1d14d9af76523c2aea7356bdee661f"
"obj.Kant.Rendezvous.ofInvite.eq_1","claim.Kant.Rendezvous.ofInvite.eq_1","proof.Kant.Rendezvous.ofInvite.eq_1","PROVEN","VALID","PROVEN","82e71553712e8866f44256fc542795895149f3faefe298b87c63997449d4200b"
"obj.Kant.Codec.yamlEnc.eq_def","claim.Kant.Codec.yamlEnc.eq_def","proof.Kant.Codec.yamlEnc.eq_def","PROVEN","VALID","PROVEN","23b1a4f949849644cc09abf3e4745857a62b34ec0a53d56aeabecb90e889fc3d"
"obj.Kant.Codec.ipdlText_injective","claim.Kant.Codec.ipdlText_injective","proof.Kant.Codec.ipdlText_injective","PROVEN","VALID","PROVEN","fec0d8b9a3f49e4767e6dc73ec6334d4aac48ec33781438d3e375c5db2ddb50a"
"obj.Kant.Diagnostics.Log.mk.noConfusion","--","--","ASSERTED","--","UNPROVEN","cf8a85a287c666b03d5fbb8faf09993b52ba81e9ff289d5e4c88a39f16405599"
"obj.Kant.Meme.payload.eq_1","claim.Kant.Meme.payload.eq_1","proof.Kant.Meme.payload.eq_1","PROVEN","VALID","PROVEN","4f9b98e9f9949d130c37babec8c05d00b28e2ee2945ef6a9d04ba6eafd9b0166"
"obj.Kant.Dom.cross_representation","claim.Kant.Dom.cross_representation","proof.Kant.Dom.cross_representation","PROVEN","VALID","PROVEN","e1f54261c770976344481299cb6815a8d79ef8aa86ed3249e5339c7427da6b4e"
"obj.Kant.Clipboard.receiptOf","--","--","ASSERTED","--","UNPROVEN","141764912a5430d66d0ab5981b1d1099cead870e4ebf12a056c02dbfe3e2b4c3"
"obj.Kant.Paste.escapedTitle","--","--","ASSERTED","--","UNPROVEN","677a108d6168150517036e7d5fefb19ab767ba2b2484375fc042c27adf28a6a4"
"obj.Kant.Codec.projectFields.eq_def","claim.Kant.Codec.projectFields.eq_def","proof.Kant.Codec.projectFields.eq_def","PROVEN","VALID","PROVEN","ab4b2700ee257f30e981525f637236c39755799a2361aefe05b42d5440b86891"
"obj.Kant.Clipboard.pasteText_copyText","claim.Kant.Clipboard.pasteText_copyText","proof.Kant.Clipboard.pasteText_copyText","PROVEN","VALID","PROVEN","c689898d2f8255d0fc4ebd2f0acf1a2b63589f5675d7875686a9bfc63e02af71"
"obj.Kant.Dom.recombine","--","--","ASSERTED","--","UNPROVEN","2385db5e956f52c221659d0ce854b4f5293ffb68e950c7dc6b7e5c0b0623ebcf"
"obj.Kant.Wasm.Kernel.toNat_ofNat_of_lt","claim.Kant.Wasm.Kernel.toNat_ofNat_of_lt","proof.Kant.Wasm.Kernel.toNat_ofNat_of_lt","PROVEN","VALID","PROVEN","376edafb0c978ee87322824b227fbd3362d48258b97f242ea995a1cd6a6218d9"
"obj.Kant.Codec.recoverFields.eq_def","claim.Kant.Codec.recoverFields.eq_def","proof.Kant.Codec.recoverFields.eq_def","PROVEN","VALID","PROVEN","71df7dd3ea3d43a883bb57542d69b803b5f97e0bc56f568ef5542c91902364a9"
"obj.Kant.CodeMovie.unmovie_movieGodel","claim.Kant.CodeMovie.unmovie_movieGodel","proof.Kant.CodeMovie.unmovie_movieGodel","PROVEN","VALID","PROVEN","7a8f1680415781b174b33cf77d892caefc91d29c620cbeeb41eb78bad95b6768"
"obj.Kant.Codec.ImportReport.original","--","--","ASSERTED","--","UNPROVEN","db2fd7a4ee49ca5ac89857c20a318d8d6a3349bf0ae0d4f4d12acfcdcb43e7e7"
"obj.Kant.Wasm.Decode.RawInstr.casesOn","--","--","ASSERTED","--","UNPROVEN","f3e540fafac533378e5858f53d5c77d494e858f2a02a6ffdd39c1908ccdaeefa"
"obj.Kant.Codec.instInhabitedEnvelope.default","--","--","ASSERTED","--","UNPROVEN","3d6fc5a49b4953177572bee38e5b850427461b4d2c6fe23df23ced8f629829aa"
"obj.Kant.Dom.PStatus.ofNat","--","--","ASSERTED","--","UNPROVEN","2eacf0e28e7f4e369df984afe414a239a084f78498cb9ca0e6341359e782d853"
"obj.Kant.SiteCard.parseConfig","--","--","ASSERTED","--","UNPROVEN","02b0da56ec2d1f4e415bb3d541ed72a193f9a4b36e7885e890dbc2dcda10fa0b"
"obj.Kant.Codec.Ipdl.casesOn","--","--","ASSERTED","--","UNPROVEN","d9bf66e87f8adfe8ba353cb0db5e27d39cb67bb4a3555a0ed63765e72ca06479"
"obj.Kant.Connectivity.Reachability.mk.noConfusion","--","--","ASSERTED","--","UNPROVEN","b7c3d6b1ce1fa502b1439f1783abf7450244b01539e90a1402f62d7b25268d27"
"obj.Kant.Stego.fromBits.match_1","--","--","ASSERTED","--","UNPROVEN","c26d0ff2c23998bcc9ecd6c08996c7ff4511bbdb92925232f319e9b728634b75"
"obj.Kant.Codec.project.eq_2","claim.Kant.Codec.project.eq_2","proof.Kant.Codec.project.eq_2","PROVEN","VALID","PROVEN","5cee52382346af6434f2041b5f8e1cb7b5c4684ae365a7aa1d34ae180ff4f63d"
"obj.Kant.SiteCard.Config.recOn","--","--","ASSERTED","--","UNPROVEN","02ea1bbe0b35f63145fd5dad18f200ae7299232feac2130b98541728361b7318"
"obj.Kant.Dom.encFields","--","--","ASSERTED","--","UNPROVEN","04a98765515cb966400b01742fb308695a1f0daafa4bd1c8ae4da576b5d6ca1b"
"obj.Kant.Wasm.BinOp.divu.elim","--","--","ASSERTED","--","UNPROVEN","25e27d8444b1466b025d894eed610ce0dc21c071bcd03b3914daf78d56816a8e"
"obj.Kant.Sneakernet.Channel.url.elim","--","--","ASSERTED","--","UNPROVEN","e58f4914ae61338a66924bdc32e18dadc746ef3d79e431241d51c14334028267"
"obj.Kant.Relay.Msg.witness_length","claim.Kant.Relay.Msg.witness_length","proof.Kant.Relay.Msg.witness_length","PROVEN","VALID","PROVEN","a69f5ed9624d007f482c504fdb355b1c02d0f49ee848e595c492cead6884e9a2"
"obj.Kant.CodeMovie.Circuit.run.eq_4","claim.Kant.CodeMovie.Circuit.run.eq_4","proof.Kant.CodeMovie.Circuit.run.eq_4","PROVEN","VALID","PROVEN","10ccbd10a3a263c44ec9648b047e92c78e5d0f29e9056252c06c9a2583fc2985"
"obj.Kant.Wasm.Decode.RawModule.mk.sizeOf_spec","claim.Kant.Wasm.Decode.RawModule.mk.sizeOf_spec","proof.Kant.Wasm.Decode.RawModule.mk.sizeOf_spec","PROVEN","VALID","PROVEN","3293888189ea6174132c4ffa480d6d5f436d2dadd926ce9aa25e340596de5085"
"obj.Kant.Codec.Severity.name","--","--","ASSERTED","--","UNPROVEN","a90e866da1d66774d86960e0ad6aa44f5958c5c50d300702f140b05d7448814d"
"obj.Kant.Wasm.BinOp.apply.eq_1","claim.Kant.Wasm.BinOp.apply.eq_1","proof.Kant.Wasm.BinOp.apply.eq_1","PROVEN","VALID","PROVEN","d3ff65f290dc0a1925101489960701aefb7b10d85dca212b94060f02ef04ecf0"
"obj.Kant.Dom.Decl.ofVal.match_1","--","--","ASSERTED","--","UNPROVEN","071f1e06a19e06f953cb4a4976d326963e00b161268ef383bb69e40a980934a0"
"obj.Kant.Connectivity.Verdict.noConfusionType","--","--","ASSERTED","--","UNPROVEN","dad01ae53e052901457eb97095dc137e3657619f3b4e5dc324a149a52b84cbb0"
"obj.Kant.Pipeline.reveal_hide","claim.Kant.Pipeline.reveal_hide","proof.Kant.Pipeline.reveal_hide","PROVEN","VALID","PROVEN","349106031961e6cb17a3a34c060239a8c16f828a8a5433e93fb1267d1bea1b56"
"obj.Kant.PlainText.joinCh.eq_2","claim.Kant.PlainText.joinCh.eq_2","proof.Kant.PlainText.joinCh.eq_2","PROVEN","VALID","PROVEN","fbb8b214c8032167763eadc396e01f445a126e596f8937c5d5dd5b018be38352"
"obj.Kant.Dom.Decl.truth","--","--","ASSERTED","--","UNPROVEN","94f1b9766fc8060d469c5e00a7b2cee2a5b2b666ccabe16f3429467b645738c4"
"obj.Kant.Diagnostics.Report.Wire.recOn","--","--","ASSERTED","--","UNPROVEN","a1efdc8a87fb592c224b3c9e3a8b86b7f999027725ad02cacc4f06be74a9a6a5"
"obj.Kant.Dom.packageRead.match_1","--","--","ASSERTED","--","UNPROVEN","ae87be83cebef0a6ee135b951e0c40f9572b00c6e2ab720888df5a447b153a6b"
"obj.Kant.Stego.extractBlob_embedBlob_prefix","claim.Kant.Stego.extractBlob_embedBlob_prefix","proof.Kant.Stego.extractBlob_embedBlob_prefix","PROVEN","VALID","PROVEN","a91f6c61cb0edf8712b42f97f2d334f4e405af9998d54b2d90d57394fd1a35da"
"obj.Kant.Cli.Cmd","--","--","ASSERTED","--","UNPROVEN","6c2b1b4303edcea115a89544062dbb7ee2037d26057d4e5b3f93e1c4e5a3b838"
"obj.Kant.Uucp.wired_view","claim.Kant.Uucp.wired_view","proof.Kant.Uucp.wired_view","PROVEN","VALID","PROVEN","7bf2a545aa862acd00583bdab0f03e1a5879ee7f090bfba72951b15cf23ac034"
"obj.Kant.Codec.Trans.recOn","--","--","ASSERTED","--","UNPROVEN","f969afcc0abc725d2959ed6fa6bacb0aad174f2fe7106c0fa969b090c18b778c"
"obj.Kant.Codec.instReprLoss.repr.match_1","--","--","ASSERTED","--","UNPROVEN","0ee5d514d4e6c4786b5741a91a4bf5f340a9a1e1be48961614493cb167d5d9e1"
"obj.Kant.Uucp.toPart.eq_1","claim.Kant.Uucp.toPart.eq_1","proof.Kant.Uucp.toPart.eq_1","PROVEN","VALID","PROVEN","949a8bb6be360236ecfc9e38f82189897e14cc2e9cb4afe040d9a771a03b8a23"
"obj.Kant.Codec.instInhabitedIpdl","--","--","ASSERTED","--","UNPROVEN","bd0e8930ede0b069fe8d1be4b78f056660d66094e7fb0f2321707e55ae1a56a0"
"obj.Kant.Codec.importAny_status_of_decoded","claim.Kant.Codec.importAny_status_of_decoded","proof.Kant.Codec.importAny_status_of_decoded","PROVEN","VALID","PROVEN","9d4eb1e5a399156dc1b23e23fd8cc2b2ad982c41af825ac7e522d70fdbe1f28c"
"obj.Kant.Text.asciiBytes_cons","claim.Kant.Text.asciiBytes_cons","proof.Kant.Text.asciiBytes_cons","PROVEN","VALID","PROVEN","3da8df5c691bc47bd0f7ee1dbf85803811f556fd9d20e3d96422e410da805e96"
"obj.Kant.Dom.Event.derivedBy.noConfusion","--","--","ASSERTED","--","UNPROVEN","75723724609c6bab5aa1d0e2434f04b0abe24f33ddf948a97fc6fe086bef34ee"
"obj.Kant.Dom.cellsText.eq_2","claim.Kant.Dom.cellsText.eq_2","proof.Kant.Dom.cellsText.eq_2","PROVEN","VALID","PROVEN","56ef037c79129119274dae726a10c406522dcf51f89c33cbbff26cef88b6ae78"
"obj.Kant.Connectivity.diagnose_eq_ok_iff","claim.Kant.Connectivity.diagnose_eq_ok_iff","proof.Kant.Connectivity.diagnose_eq_ok_iff","PROVEN","VALID","PROVEN","dc90b1a3cd2303cf152693e254cf08a416e037a2c17701fdbc7ffd20ae5f2132"
"obj.Kant.Onboarding.Event.recOn","--","--","ASSERTED","--","UNPROVEN","d6e6d567da49987e6ff7c077990da961e1f2286483869278b5bc512376bda29b"
"obj.Kant.Codec.digitChar","--","--","ASSERTED","--","UNPROVEN","db0e61a428530905213e6d591754db8a0769f0934097ab27f2006a64789e088c"
"obj.Kant.Demo.briefQuote","--","--","ASSERTED","--","UNPROVEN","294db528f8efa20b7f99b9a6eaf352d8c36431fa83852331020f5a9583a8c47e"
"obj.Kant.Wasm.Func.name","--","--","ASSERTED","--","UNPROVEN","32b6760d46b594ea57e5eae0e23022e5e2b7cf424c3a733c85696fc94b928257"
"obj.Kant.Wasm.Module.wf_of_wfb","claim.Kant.Wasm.Module.wf_of_wfb","proof.Kant.Wasm.Module.wf_of_wfb","PROVEN","VALID","PROVEN","2d8684f5a2ab7ed45e0b28a186be7477e1b4556850fa523a1161bc2a55f4c26d"
"obj.Kant.Rendezvous.Address.mk.sizeOf_spec","claim.Kant.Rendezvous.Address.mk.sizeOf_spec","proof.Kant.Rendezvous.Address.mk.sizeOf_spec","PROVEN","VALID","PROVEN","8fe3437cf5f32228e26c6c0da2884f4b7e804fb87fcdb7bee28faae5aaa10011"
"obj.Kant.Codec.Ipdl.ctorElim","--","--","ASSERTED","--","UNPROVEN","97d5a2931e78d84a1f8d445b484c5e5df60b4631eff3b4e4feff4b013d138dd7"
"obj.Kant.Handoff.script_serverless","claim.Kant.Handoff.script_serverless","proof.Kant.Handoff.script_serverless","PROVEN","VALID","PROVEN","c1c19a3ef9e81552df95d400c6786d15dc1ed9626b5b1fccce180f80578579bf"
"obj.Kant.Codec.Obj.procedure","--","--","ASSERTED","--","UNPROVEN","6de096b27337ba69e9ed364a335a007e725ede1a36dbfbe30f7c165224550e48"
"obj.Kant.SiteCard.Config.Wf.origin","claim.Kant.SiteCard.Config.Wf.origin","proof.Kant.SiteCard.Config.Wf.origin","PROVEN","VALID","PROVEN","874af109f72afd3be3e8ff390d29a3e8d5f01d27b2cfcfa16e9760c8f4f2042e"
"obj.Kant.Repost.toQuote.match_1","--","--","ASSERTED","--","UNPROVEN","9fe5ad588faa26185f20cbca095e38bb7e1c81b91ea2410ea611c963fefbff31"
"obj.Kant.Rendezvous.parseAddrField","--","--","ASSERTED","--","UNPROVEN","4bdfc86de8fdd7b25be7058ca451687504030229a25c8e6c81d03eb7a37fc7af"
"obj.Kant.Rendezvous.Invite.mk.sizeOf_spec","claim.Kant.Rendezvous.Invite.mk.sizeOf_spec","proof.Kant.Rendezvous.Invite.mk.sizeOf_spec","PROVEN","VALID","PROVEN","e5bc55417a2e1a183293c6a32bed00934f0a7c8136b458a64a4abf3efd874831"
"obj.Kant.Wasm.BinOp.apply.eq_3","claim.Kant.Wasm.BinOp.apply.eq_3","proof.Kant.Wasm.BinOp.apply.eq_3","PROVEN","VALID","PROVEN","23f09ddd6bd3545d25c1ef5744e586425e0d6633fe941d570180e99e7a72da7c"
"obj.Kant.Cli.instReprLoaded.repr.match_1","--","--","ASSERTED","--","UNPROVEN","3ede8265177090613fd821ffe4d78d8e03fc2f90da17d2b328806c2909700950"
"obj.Kant.Feed.thread_sound","claim.Kant.Feed.thread_sound","proof.Kant.Feed.thread_sound","PROVEN","VALID","PROVEN","d33e04af5a0c51dfa6681d40551b6cc480c7bab84552d315a23438bb58ee04ca"
"obj.Kant.Connectivity.Client.room","--","--","ASSERTED","--","UNPROVEN","bc0055468dd362198bed88fb9d49eab6a576f3c1c491a6abe3d2e1cae7f74548"
"obj.Kant.Bytes.fnvOffset.eq_1","claim.Kant.Bytes.fnvOffset.eq_1","proof.Kant.Bytes.fnvOffset.eq_1","PROVEN","VALID","PROVEN","fa1916c753a5cc06eb1855aac9391c392aebbb38e81bae608382c7edc3239c93"
"obj.Kant.Demo.demoSite","--","--","ASSERTED","--","UNPROVEN","2d9ad2f561ebb5a42592f9ae4da61ff7d8d8f702c38360ca8a016fa1de94cc9d"
"obj.Kant.Dom.Decl.mk.injEq","claim.Kant.Dom.Decl.mk.injEq","proof.Kant.Dom.Decl.mk.injEq","PROVEN","VALID","PROVEN","f80de823acf8e866ad9d2400bfbb10590e0fb35a4d7514d060ae4544e77aa293"
"obj.Kant.Wasm.exec.match_3","--","--","ASSERTED","--","UNPROVEN","ec42f6ee41fbf8286bcfe7492b123a1386f090d16bb106b6e7f606534713d991"
"obj.Kant.Dom.Evidence.toVal.eq_1","claim.Kant.Dom.Evidence.toVal.eq_1","proof.Kant.Dom.Evidence.toVal.eq_1","PROVEN","VALID","PROVEN","9f2a06d7e3f48d772be77a2df408c68c9b28d56451e4b2854de4bbe82b4a2c3a"
"obj.Kant.Wasm.Encode.typePayload","--","--","ASSERTED","--","UNPROVEN","0eb59690ce6f761d2032b17910a10b1a03f1afd9fa164c172d4dacb8970c5594"
"obj.Kant.Clipboard.Envelope.noConfusion","--","--","ASSERTED","--","UNPROVEN","48110a5c356eac1444dccaefecf0630fe04ef81abf04dfba4284f98cc4c6ba45"
"obj.Kant.Dom.Evid.reproduced.elim","--","--","ASSERTED","--","UNPROVEN","747905c2c157412421394d8bf461c20f127a45155908292a47e706101b1f6a55"
"obj.Kant.Wasm.Encode.i64Byte","--","--","ASSERTED","--","UNPROVEN","075fe9c6d720b7ba96106d1f54bda91d7ffa75c3d91b81b4ec9ddd4c39019217"
"obj.Kant.Codec.Outp.recOn","--","--","ASSERTED","--","UNPROVEN","b236beaa3880ad492830c622d6e11d8638eb4719675933a308245d1af62dd5c0"
"obj.Kant.Dom.Summary.partiallyProven","--","--","ASSERTED","--","UNPROVEN","ce70e02a55d91f92680cc0a98dbc4d559e124fa89da4064c0d81521c7bce108f"
"obj.Kant.Stego.byteBits.eq_1","claim.Kant.Stego.byteBits.eq_1","proof.Kant.Stego.byteBits.eq_1","PROVEN","VALID","PROVEN","a3f7d583fdf5a6bd023c0555f521425a657780df18e0ef5f3969bd6f5d7081bc"
"obj.Kant.Codec.parseIntAll","--","--","ASSERTED","--","UNPROVEN","8f73f2ae50690262796329b84faddf6d0c890c7b475a7dd42dae370c209bf62f"
"obj.Kant.Repost.ofQuote.eq_1","claim.Kant.Repost.ofQuote.eq_1","proof.Kant.Repost.ofQuote.eq_1","PROVEN","VALID","PROVEN","25e6ecf38e86292dbfc0da8a096d3a2ab826bc1602c832d7a02a7e432a52cc24"
"obj.Kant.Clipboard.optField.match_1","--","--","ASSERTED","--","UNPROVEN","76027c9b4efc76eb37225258f6993d089f80e93acd4630c985875b800bc3ed36"
"obj.Kant.Dom.Cert.location","--","--","ASSERTED","--","UNPROVEN","3793314a0123ad0ce9d073f794ed183f941ad20e70c4a49a588e1924886f6b3d"
"obj.Kant.Wasm.Encode.codePayload.eq_1","claim.Kant.Wasm.Encode.codePayload.eq_1","proof.Kant.Wasm.Encode.codePayload.eq_1","PROVEN","VALID","PROVEN","f4a2383894e5bc40ac77b0a5389019bb1be59a3f9ced73ee7a5cb93258ec2359"
"obj.Kant.Cli.Method.get.elim","--","--","ASSERTED","--","UNPROVEN","33a548575d7ed915e4ee6d01aef6f752774562283d8427b789c6e22543dd57d4"
"obj.Kant.Diagnostics.Event.ctorIdx","--","--","ASSERTED","--","UNPROVEN","24e0817bfa525f55d944c9db15ec7542eb3dc08492789d0f39e2acf2eccb496c"
"obj.Kant.Clipboard.parseOptField","--","--","ASSERTED","--","UNPROVEN","ff2006ce6876a6699e5ef8661e6c6306ecb5018f266ed26324e97b70f4337a00"
"obj.Kant.Rendezvous.Announce.ctorIdx","--","--","ASSERTED","--","UNPROVEN","6cdcf5fdf416dc57b3627e66114facb4be70cad333d88dbd8bfe0b883261fe4a"
"obj.Kant.Paste.mk.injEq","claim.Kant.Paste.mk.injEq","proof.Kant.Paste.mk.injEq","PROVEN","VALID","PROVEN","1d60f731b6da0151ddaf20bcdbabc276ee4fc1a97e6274738de5d509fb767428"
"obj.Kant.Dom.declProof","--","--","ASSERTED","--","UNPROVEN","42c5cb4e48c0d1d470deb1b48ef8975720ff9d0df8a71d9a6dd8aa566e942edd"
"obj.Kant.Sheaf.instReprDaslType.repr","--","--","ASSERTED","--","UNPROVEN","4836dd1fce2e4a611b68e0dc301ffaee63ae0de8d569febbe8b88e6155f1ed28"
"obj.Kant.Connectivity.Client.casesOn","--","--","ASSERTED","--","UNPROVEN","7c56623557f7c77f1651ec546d94a76c5bdb55af6c15ed059905b40785577af2"
"obj.Kant.Wasm.CmpOp.ctorElim","--","--","ASSERTED","--","UNPROVEN","0d3fc08ffe323292c539130dd882a04525826aa7d0889b8ce92c737abe589a3f"
"obj.Kant.Codec.instDecidableEqRow.decEq.match_1","--","--","ASSERTED","--","UNPROVEN","a487e96a46eba4d27744f24e6f11dcf57627ab5edeea480c5bb9ba88ba48978f"
"obj.Kant.Codec.readXUntil.eq_def","claim.Kant.Codec.readXUntil.eq_def","proof.Kant.Codec.readXUntil.eq_def","PROVEN","VALID","PROVEN","d58af50a595b3546745c8ebe83219ed1698065cc14c554707698e6a9513b9c4b"
"obj.Kant.Sneakernet.Frame.mk.inj","claim.Kant.Sneakernet.Frame.mk.inj","proof.Kant.Sneakernet.Frame.mk.inj","PROVEN","VALID","PROVEN","ef2d507e4b3ea90bfc3084aeac7c85a8abad14cbcf0e25e14f4a25ca996ff07e"
"obj.Kant.Dom.Claim.casesOn","--","--","ASSERTED","--","UNPROVEN","b00518949ca3c74cffd342fc51dbf8fffa9caee55ec44ac2b9c7b006dc0515d5"
"obj.Kant.Codec.Ipdl.str.injEq","claim.Kant.Codec.Ipdl.str.injEq","proof.Kant.Codec.Ipdl.str.injEq","PROVEN","VALID","PROVEN","59928a940dcb77502702795c87c9860373a6c4e388e19e1ed83efa2574e63311"
"obj.Kant.PlainText.metaOf_copyPlainWithMeta","claim.Kant.PlainText.metaOf_copyPlainWithMeta","proof.Kant.PlainText.metaOf_copyPlainWithMeta","PROVEN","VALID","PROVEN","80a06bc87f45acbd73875f530de6ef5afdc2a048500563d75c64e5437a3f4824"
"obj.Kant.Wasm.Kernel.eval_mkCidE","claim.Kant.Wasm.Kernel.eval_mkCidE","proof.Kant.Wasm.Kernel.eval_mkCidE","PROVEN","VALID","PROVEN","db2324b32f76bf237b210ebc6613e080c0847a50b0407a190c548d7c17d42ac6"
"obj.Kant.Dom.Domain.hash_length","claim.Kant.Dom.Domain.hash_length","proof.Kant.Dom.Domain.hash_length","PROVEN","VALID","PROVEN","5fe0feb37695d3f02a7fce1daf4e3f933e240c1a07b5219e8d239852256ee2d1"
"obj.Kant.Diagnostics.toEvent_ofEvent","claim.Kant.Diagnostics.toEvent_ofEvent","proof.Kant.Diagnostics.toEvent_ofEvent","PROVEN","VALID","PROVEN","3594f9b772ed25e2cd6393cc0d45d475e5a4efa988ae289c6ec5a039a051599f"
"obj.Kant.Codec.recover.match_1","--","--","ASSERTED","--","UNPROVEN","be3cf1d15afc8f758ca6c48e94b6392a06e5f5f8d365a5ef0bcef4574b130874"
"obj.Kant.Codec.Envelope.mk.injEq","claim.Kant.Codec.Envelope.mk.injEq","proof.Kant.Codec.Envelope.mk.injEq","PROVEN","VALID","PROVEN","48f7da3e47cdfadf9028a0a17215bb1cccb1e86e1f705965ffa19969e4264e32"
"obj.Kant.Codec.importAny_sourceData","claim.Kant.Codec.importAny_sourceData","proof.Kant.Codec.importAny_sourceData","PROVEN","VALID","PROVEN","e36dd78ea182a740e4368ab2674fb63b8cc301027a39f7665981286f9deee011"
"obj.Kant.Codec.yFields.eq_def","claim.Kant.Codec.yFields.eq_def","proof.Kant.Codec.yFields.eq_def","PROVEN","VALID","PROVEN","08f4ffd981a3ee240ddb2cb3c4985a3f8b74e2001a3f032ac440c15ec5c58015"
"obj.Kant.Dom.LedgerRow.mk.inj","claim.Kant.Dom.LedgerRow.mk.inj","proof.Kant.Dom.LedgerRow.mk.inj","PROVEN","VALID","PROVEN","e8648b778fc2af1d52fda6034d035c3214e51c0a3dceaa77b81c569aedd9798c"
"obj.Kant.Codec.Err.ofVal.eq_2","claim.Kant.Codec.Err.ofVal.eq_2","proof.Kant.Codec.Err.ofVal.eq_2","PROVEN","VALID","PROVEN","fa053f8d029953e3cd8a33a29a9793302d62e8dce6c85f1911dd887d18d6cd86"
"obj.Kant.Diagnostics.verdictOfCode.match_1","--","--","ASSERTED","--","UNPROVEN","a21e07cf559b3f1a90ee3121488f7ccdfb4ea96b9fc663b453b5e89434f9e957"
"obj.Kant.Codec.Ipdl.ref.elim","--","--","ASSERTED","--","UNPROVEN","ce9ca4edff0d433a7195934d23caaf9d5b8a196aebcc3184f1c828284b1755a7"
"obj.Kant.Codec.rebuild.eq_3","claim.Kant.Codec.rebuild.eq_3","proof.Kant.Codec.rebuild.eq_3","PROVEN","VALID","PROVEN","34f9235b0df66ba8ea028cc7bbf56e5321c5c55af8e7e9967ed5b2c0f1d73ab1"
"obj.Kant.Stego.Carrier","--","--","ASSERTED","--","UNPROVEN","e973fd64645ecce2cb63232410361b1503ac273f0bbd767c4a87e40a0609c3af"
"obj.Kant.Dasl.reflect59_valid","claim.Kant.Dasl.reflect59_valid","proof.Kant.Dasl.reflect59_valid","PROVEN","VALID","PROVEN","48860bab881a5f7eeadb3a668de6ef31591ff57e4366a740249b64d4d30cdae3"
"obj.Kant.Wasm.Decode.bytesN_length","claim.Kant.Wasm.Decode.bytesN_length","proof.Kant.Wasm.Decode.bytesN_length","PROVEN","VALID","PROVEN","e729db9da9987f0f41f3b14e5b67cad412aef820a2b2d3e5d12d9e56785bd92a"
"obj.Kant.Feed.feed_resolves","claim.Kant.Feed.feed_resolves","proof.Kant.Feed.feed_resolves","PROVEN","VALID","PROVEN","b398fd4a7c266c75c60e896b591a3662bc50a46f8c98f9871b216a8103a26e14"
"obj.Kant.Rendezvous.Roster.knows_merge_iff","claim.Kant.Rendezvous.Roster.knows_merge_iff","proof.Kant.Rendezvous.Roster.knows_merge_iff","PROVEN","VALID","PROVEN","f1e22e173a64e674883ad5b874f6bd27ca5722807780220a58a68b5361653f4d"
"obj.Kant.Clipboard.Envelope.decodeAll.eq_2","claim.Kant.Clipboard.Envelope.decodeAll.eq_2","proof.Kant.Clipboard.Envelope.decodeAll.eq_2","PROVEN","VALID","PROVEN","7eaea7ffa25a6af4d3a77d37585f18d7de37057b5d7768629d69b1c8d570f695"
"obj.Kant.Cli.pageOf.eq_def","claim.Kant.Cli.pageOf.eq_def","proof.Kant.Cli.pageOf.eq_def","PROVEN","VALID","PROVEN","c8d015764327025eabdfc5df5b3b1e2936fe51664a4b00c0fc3d7e0e020ceeeb"
"obj.Kant.Codec.Tests.tLarge","--","--","ASSERTED","--","UNPROVEN","47b3bbae3c733d2c70085cda6507b04f0318f7ac7697a7721c3a4fd8baa88115"
"obj.Kant.PlainText.metaFor","--","--","ASSERTED","--","UNPROVEN","28a5d9ebf1716ebd63eb7c2a1890b47a80d5edb56a742837909e1a9da3107a74"
"obj.Kant.CardDebug.card_no_relay","claim.Kant.CardDebug.card_no_relay","proof.Kant.CardDebug.card_no_relay","PROVEN","VALID","PROVEN","060f1bebdfa890c8b2f4defda5646ea39cfb08e15315f90637fdf26fc015b5f1"
"obj.Kant.Connectivity.instDecidableEqClient.decEq.match_1","--","--","ASSERTED","--","UNPROVEN","d097f8828949bda2c4d8d0cf1407625dbd5ed7c9d680f654d2650284d35d502f"
"obj.Kant.Rendezvous.Address.noConfusion","--","--","ASSERTED","--","UNPROVEN","da4c105ebb0ff93b9599c10be42aa98003966def8899a3b131bc029d45648b46"
"obj.Kant.Wasm.Decode.VType.casesOn","--","--","ASSERTED","--","UNPROVEN","58a0e37a411e3c2fee4b161d0c7e719c5735684bfd6f8775e14bf612052d6342"
"obj.Kant.Relay.ofMsg","--","--","ASSERTED","--","UNPROVEN","5da5b8ec66935798b9dd8698e247abab33f0eed1b289a656a16a7ee21b288629"
"obj.Kant.Wasm.Kernel.mergeCidsE.eq_1","claim.Kant.Wasm.Kernel.mergeCidsE.eq_1","proof.Kant.Wasm.Kernel.mergeCidsE.eq_1","PROVEN","VALID","PROVEN","58d226b40c5cc02e862c447648ee0ce1ec39ee20de7cb5486237b042c03b077b"
"obj.Kant.Relay.accept.match_1","--","--","ASSERTED","--","UNPROVEN","a8fe94b9b4d738e69d7b14963a5175c1aec5e2040f1a53f00f76e1e6d52b93cb"
"obj.Kant.Relay.receive_nodup","claim.Kant.Relay.receive_nodup","proof.Kant.Relay.receive_nodup","PROVEN","VALID","PROVEN","c498db8f00f935a4cc19b6dc720c597f68a3f117d339572a141c8ccace079eb5"
"obj.Kant.Clipboard.ofReceipt","--","--","ASSERTED","--","UNPROVEN","88d0336ae03de973c35773a107eb595055066033d54e3cf9f8db15cb7eb2db56"
"obj.Kant.Dom.Event.inferredBy.noConfusion","--","--","ASSERTED","--","UNPROVEN","9558e64af8063a863c4676bff0f1c80941a9e52cee4aa2c098fcd730f5737c33"
"obj.Kant.Dom.Repair.recOn","--","--","ASSERTED","--","UNPROVEN","310e0b37ba2d30ac837b4cf4013cee4fad01bc4181e125c203930b249dcfee65"
"obj.Kant.Paste.coords_valid","claim.Kant.Paste.coords_valid","proof.Kant.Paste.coords_valid","PROVEN","VALID","PROVEN","dbd465de3f5c7aab820bac0885293be054a953879446a9598eb435846a3c753e"
"obj.Kant.Wasm.Decode.instInhabitedVType.default","--","--","ASSERTED","--","UNPROVEN","756be1c587873a1167ee8bdc37548ade55e3ac4ae69521eb3a8a19a634a44bb8"
"obj.Kant.Codec.readStr.eq_1","claim.Kant.Codec.readStr.eq_1","proof.Kant.Codec.readStr.eq_1","PROVEN","VALID","PROVEN","2f507698d8288add24cb48c874eb80c2d19b44c1238a9367ff00872cd6630b5c"
"obj.Kant.Sheaf.attackTriple_encodings","claim.Kant.Sheaf.attackTriple_encodings","proof.Kant.Sheaf.attackTriple_encodings","PROVEN","VALID","PROVEN","4b4e5a751274cea5185a0d2ebf797382365169be08d6a79f0aab4069bfd930fc"
"obj.Kant.SiteCard.gridRects.match_1","--","--","ASSERTED","--","UNPROVEN","faeccabf31b5b46b75236ee1e0fe750809c050c09b820f215977572447402bbe"
"obj.Kant.Store.get.eq_1","claim.Kant.Store.get.eq_1","proof.Kant.Store.get.eq_1","PROVEN","VALID","PROVEN","9f87d700c7aab3a18d7385e89d9019062ae7ad7b3f81db435e09c2f727843b68"
"obj.Kant.Codec.Strategy.noConfusionType","--","--","ASSERTED","--","UNPROVEN","9a4659df294ef343c8f3a96fa804b208e633abf902675bb91ec57503052660ce"
"obj.Kant.Cli.digitChar_isDigit","claim.Kant.Cli.digitChar_isDigit","proof.Kant.Cli.digitChar_isDigit","PROVEN","VALID","PROVEN","4efa30b4e58cb4b2a359561c2700d245a0bcad4f563deb748272ce1ecf6d2877"
"obj.Kant.Diagnostics.areaOfCode.match_1","--","--","ASSERTED","--","UNPROVEN","f9ae64e1dde819d596ea2854a08e8c4a90a32140c9d585671417e20e73495b3c"
"obj.Kant.PlainText.parseMeta_metaText","claim.Kant.PlainText.parseMeta_metaText","proof.Kant.PlainText.parseMeta_metaText","PROVEN","VALID","PROVEN","7f5138e3a78fcc83d35a41c391cd953838f18dc255004ca9dc871b4276b43c6e"
"obj.Kant.Codec.readQuoted.eq_def","claim.Kant.Codec.readQuoted.eq_def","proof.Kant.Codec.readQuoted.eq_def","PROVEN","VALID","PROVEN","c6570180065ee4bf7ff43946b8b4c36cd928c6882d8dbe3598bb833ec3bbc4f2"
"obj.Kant.Wasm.Decode.tags.eq_1","claim.Kant.Wasm.Decode.tags.eq_1","proof.Kant.Wasm.Decode.tags.eq_1","PROVEN","VALID","PROVEN","e4e8ab444c94c6f9fd22455c1115172e750481d1033a41d36d4dc2d03ac43598"
"obj.Kant.Codec.instInhabitedSeverity","--","--","ASSERTED","--","UNPROVEN","03f88f1963a36b60d10916ef50c7bdb315516bae091106c65485e2847b40a199"
"obj.Kant.Sneakernet.frames_length","claim.Kant.Sneakernet.frames_length","proof.Kant.Sneakernet.frames_length","PROVEN","VALID","PROVEN","6e676808e53529dbb9a07ddcd77989a8896d9e5a2f787d8185f801359a3c5b9e"
"obj.Kant.Dom.errorReport_keeps_errors","claim.Kant.Dom.errorReport_keeps_errors","proof.Kant.Dom.errorReport_keeps_errors","PROVEN","VALID","PROVEN","e32f7443574b6729b2b55e8641e820669eeb454ee5e6b4730592de2d82e1f960"
"obj.Kant.Codec.Val.strong","claim.Kant.Codec.Val.strong","proof.Kant.Codec.Val.strong","PROVEN","VALID","PROVEN","545a40dd7691b1631de256eb7f5a2720986f9ec0f88e2c59a76d40aea6829bc6"
"obj.Kant.Codec.Status.unsupported.elim","--","--","ASSERTED","--","UNPROVEN","7a51b019d2b28ed2a0d383827fe89ea5e3cd3f2481762dc4059635f20e353917"
"obj.Kant.Dom.PStatus.invalid.sizeOf_spec","claim.Kant.Dom.PStatus.invalid.sizeOf_spec","proof.Kant.Dom.PStatus.invalid.sizeOf_spec","PROVEN","VALID","PROVEN","45e46f5d84792d210957092dfaf0630eb49c3ef36fa14bbba43275b804c09828"
"obj.Kant.Rendezvous.Invite.mk.injEq","claim.Kant.Rendezvous.Invite.mk.injEq","proof.Kant.Rendezvous.Invite.mk.injEq","PROVEN","VALID","PROVEN","fb3093dc8cb7aa9f2c795f59ab6e424c8b1009e394457ffd9e66f45962b9d10a"
"obj.Kant.Wasm.Decode.tags","--","--","ASSERTED","--","UNPROVEN","ac23941280624f23ca6987eb819549e0ea3b3373f14327893bb08a05a23e7ba6"
"obj.Kant.Wasm.Expr.eval","--","--","ASSERTED","--","UNPROVEN","a15e1be96131faad4003950d14c2d1fa2b26676a84982847de4ad5455c0886d4"
"obj.Kant.Wasm.Expr.wfb.eq_2","claim.Kant.Wasm.Expr.wfb.eq_2","proof.Kant.Wasm.Expr.wfb.eq_2","PROVEN","VALID","PROVEN","db1ebe8a8b69803f9d678a926b970a1c474a70ab3c6a1b5d8283a35ade02ed8a"
"obj.Kant.SiteCard.Card.Wf.alt","claim.Kant.SiteCard.Card.Wf.alt","proof.Kant.SiteCard.Card.Wf.alt","PROVEN","VALID","PROVEN","dce45e94bf378aff86867e60679db25cf34592424d1f01957d48bddc9e8d2e82"
"obj.Kant.Codec.instDecidableEqSeverity","--","--","ASSERTED","--","UNPROVEN","b362eb28824accb8947eb5909c386a4baf1f5b50d77cfe9ec19f95197c92c531"
"obj.Kant.Dom.Decl.file","--","--","ASSERTED","--","UNPROVEN","a6cb5a3d6f1cbdb3d9045e52a3a9c228f83db8ba119e7fa173268477391d8f46"
"obj.Kant.Dom.proofIdOf","--","--","ASSERTED","--","UNPROVEN","c3d3f86aa78b761f42caf1838a74e01416cf75014022c5e55a31a40284fcc11a"
"obj.Kant.Cli.cursorQuery","--","--","ASSERTED","--","UNPROVEN","4ec43c8c661d6b1ed6576805c18548a997af309152f4d4b012e0dbe2518da50b"
"obj.Kant.Codec.Fmt.recOn","--","--","ASSERTED","--","UNPROVEN","f7de7d1871c4cbeb74df18e4815a0c988faba8c771f8a49117d8fbca3a42897e"
"obj.Kant.Handoff.instDecidableEqMove.decEq.match_1","--","--","ASSERTED","--","UNPROVEN","baccfe1850380348200a9689851edecb9799f16c2e431ace5e58104154389711"
"obj.Kant.Codec.Trans.toVal","--","--","ASSERTED","--","UNPROVEN","14f367f6091c49fe693a368dad0b75e1df0533cebe9347b87f6eea673b26cedb"
"obj.Kant.Codec.ImportReport.format","--","--","ASSERTED","--","UNPROVEN","60b7ff6ee1a254419cc49f6d0a2a1cc6df9f8f2d20c25ccb56927109d3ebbe20"
"obj.Kant.Codec.codecVersion","--","--","ASSERTED","--","UNPROVEN","8cf7c504a0468c45730d0efd1e9e8d12b8512aedab2e005f06db5f59e091f22c"
"obj.Kant.Uucp.bag_rejects_forgery","claim.Kant.Uucp.bag_rejects_forgery","proof.Kant.Uucp.bag_rejects_forgery","PROVEN","VALID","PROVEN","27028761140db5c3ec9ad55c455032f07ad82791debd568905a16c5b97ee2106"
"obj.Kant.Codec.Err.toVal","--","--","ASSERTED","--","UNPROVEN","498a95a6b1c44740e2d5b63dcd6d46e3854a27b1f8a4301efb789aa0bddde501"
"obj.Kant.Codec.optVal.match_1","--","--","ASSERTED","--","UNPROVEN","0259f6bd9a6f626fb5fcd4cf3893df0c9bd71004c78c5015190bb36e1de86172"
"obj.Kant.Diagnostics.instDecidableEqLog.decEq","--","--","ASSERTED","--","UNPROVEN","7af9815c191c161a17813f11919319157c1fc16b526793cc6183da4d1c121827"
"obj.Kant.Dasl.bottCoords_nodup","claim.Kant.Dasl.bottCoords_nodup","proof.Kant.Dasl.bottCoords_nodup","PROVEN","VALID","PROVEN","a4534e5d7386cab4d12e68635819d4079885e7eff1a9dedaefbc055cdb87a8ad"
"obj.Kant.Connectivity.instDecidableEqReachability.decEq","--","--","ASSERTED","--","UNPROVEN","8d00c58b9a1bc5e761e72642633cf6b43641c35c0cf0fd859e6d42bc94fc4ee2"
"obj.Kant.Credits.Ledger.casesOn","--","--","ASSERTED","--","UNPROVEN","e12a8f892d93e566d6175dcdc16769917b817370b0feae30b35bedb2079fc97b"
"obj.Kant.Diagnostics.parseHeader","--","--","ASSERTED","--","UNPROVEN","7372e9586f0691c65c61e25ae02c3fc165c2f2755cf54418182f78d8a3c77373"
"obj.Kant.Wasm.Kernel.rotate71E.eq_1","claim.Kant.Wasm.Kernel.rotate71E.eq_1","proof.Kant.Wasm.Kernel.rotate71E.eq_1","PROVEN","VALID","PROVEN","d9ee089601cec92e390f87b1aa9b48e1d58df9ba3948fdc86a87b27b772d7efb"
"obj.Kant.Wasm.Decode.RawModule.noConfusion","--","--","ASSERTED","--","UNPROVEN","575eec57f14327578cb01d2abbad422c4bea6e177eae40b576847d4be96f4a5a"
"obj.Kant.Codec.Inp.mk.noConfusion","--","--","ASSERTED","--","UNPROVEN","72bd6c81720148a3bde068ef43ef2cd0dabbe21e7e5990616c8bd5ca7c91bf9e"
"obj.Kant.Uucp.openBag_packBag","claim.Kant.Uucp.openBag_packBag","proof.Kant.Uucp.openBag_packBag","PROVEN","VALID","PROVEN","5d793cf8ca26eae501bc636321588b5235af724dc89dca7f3219fc417ffc56ac"
"obj.Kant.Codec.rowsList.eq_1","claim.Kant.Codec.rowsList.eq_1","proof.Kant.Codec.rowsList.eq_1","PROVEN","VALID","PROVEN","462a6c4ab3d268ee84a4c7bda3901b798db88a37143febf807fa2fb43358ab93"
"obj.Kant.Codec.project.eq_def","claim.Kant.Codec.project.eq_def","proof.Kant.Codec.project.eq_def","PROVEN","VALID","PROVEN","9da550b7f7347cb880680ddb0c4fe39bf2e8d14e4779dda63c8f49c0fcfdef99"
"obj.Kant.Codec.Level","--","--","ASSERTED","--","UNPROVEN","6647383ca49cd8e4944cf17c7f094a57bbced55878297b4af5b5c83d63cd25bd"
"obj.Kant.Wasm.Decode.toRaw.eq_5","claim.Kant.Wasm.Decode.toRaw.eq_5","proof.Kant.Wasm.Decode.toRaw.eq_5","PROVEN","VALID","PROVEN","51ec02c0fbe09d6a066e981775192d7d76f9eaf7a0fc8e8467723b392a61c997"
"obj.Kant.Bytes.hexDecode.eq_def","claim.Kant.Bytes.hexDecode.eq_def","proof.Kant.Bytes.hexDecode.eq_def","PROVEN","VALID","PROVEN","0f9b80abb2eca0755c6b82be38c0f3024d83f2cca6bd02c70ce717a46ff1e894"
"obj.Kant.Cli.decNum","--","--","ASSERTED","--","UNPROVEN","771da8dc9d275d4185f5c696c06a84a64777ac72a35a82a38e9f9d31ce65e978"
"obj.Kant.Sheaf.DaslType.hauptmodul.elim","--","--","ASSERTED","--","UNPROVEN","fa93765522dc1c0582a186c20398a03abd5d49070ef2022726c04a6d10ea078c"
"obj.Kant.CardDebug.pairCodes.match_1","--","--","ASSERTED","--","UNPROVEN","e2e7fa6517addb853d8c38f4b7c448e2796b65a4d5a9d97f2f6bac80761115dc"
"obj.Kant.Codec.Obj.sourceData","--","--","ASSERTED","--","UNPROVEN","433914e9036411b67c2bfc4981f222d165b7b020dfc4f9f058da421f20e38e9b"
"obj.Kant.SiteCard.readChatText_chatText","claim.Kant.SiteCard.readChatText_chatText","proof.Kant.SiteCard.readChatText_chatText","PROVEN","VALID","PROVEN","a6d4a5538aed0a9a0fbaec366bb3dcd588341a8ebe46002443fb33644037581f"
"obj.Kant.Diagnostics.Level.info.elim","--","--","ASSERTED","--","UNPROVEN","7a0fc985e8e208ccc8007bd36f2e2e47a5e1faf7c4c5144a8a065ada52f6adc5"
"obj.Kant.Onboarding.Task.shareIt.elim","--","--","ASSERTED","--","UNPROVEN","db9cf299c3302495f0efd96c3fcf07f2fcc0a5f93eb7650fc9a7500582a7fc3c"
"obj.Kant.Join.words_of_blank","claim.Kant.Join.words_of_blank","proof.Kant.Join.words_of_blank","PROVEN","VALID","PROVEN","9e360d5ae45836f077ec9d146eeb4463102c599ad0fe6b66f4c0c39784096059"
"obj.Kant.Dom.readIntCell","--","--","ASSERTED","--","UNPROVEN","c714f14ab52ce7fe3c504a101e7095c9afb8ca3db8f94ee0f86fcfb852ae6adb"
"obj.Kant.Dom.proofIdOf.eq_1","claim.Kant.Dom.proofIdOf.eq_1","proof.Kant.Dom.proofIdOf.eq_1","PROVEN","VALID","PROVEN","6233305b803c0616e3f7c76617796401eaa2bec19855f2c0ab16cee2b89dc31b"
"obj.Kant.Codec.ipdlText_hash","claim.Kant.Codec.ipdlText_hash","proof.Kant.Codec.ipdlText_hash","PROVEN","VALID","PROVEN","784d188a38c971d197277cef4d9155f64fd0c6b44c83374bac919a933edbd760"
"obj.Kant.Codec.readRow.eq_1","claim.Kant.Codec.readRow.eq_1","proof.Kant.Codec.readRow.eq_1","PROVEN","VALID","PROVEN","8edf7b8c6247107209372fb5eb41819563069b6e6422187432ba63e51ff690d7"
"obj.Kant.Clipboard.fragment.match_1","--","--","ASSERTED","--","UNPROVEN","496f608fc27cf2bf562e2599dd6c920c6d4131c5248dc3f5134bc397c5e7fcc2"
"obj.Kant.Onboarding.instDecidableEqState","--","--","ASSERTED","--","UNPROVEN","d3fa974f24a9331a3797f2adf4d4978db3d160b971eb2d34753104926dc0aea7"
"obj.Kant.Repost.receiptCard","--","--","ASSERTED","--","UNPROVEN","88c0de9b8313354d111dc2942b098b5a0830f8fc4dc589b737f24475ea8a7524"
"obj.Kant.Dom.tableText","--","--","ASSERTED","--","UNPROVEN","a2283a25b9bbd94efdbc19fb6b4cf551ec0b274ab08eb438be3bfb8d372680fb"
"obj.Kant.Credits.Ledger.balance.eq_1","claim.Kant.Credits.Ledger.balance.eq_1","proof.Kant.Credits.Ledger.balance.eq_1","PROVEN","VALID","PROVEN","4576880a4031829f5fbead391db2aa9c5fa50dff1d6055656f1e176c5734ba82"
"obj.Kant.Store.get_put_of_ne","claim.Kant.Store.get_put_of_ne","proof.Kant.Store.get_put_of_ne","PROVEN","VALID","PROVEN","b4322079efdfb66d118c5671b119dbba7fa1d1da25402dcf6da5136c8bc9b10c"
"obj.Kant.Dom.mem_proofsOf","claim.Kant.Dom.mem_proofsOf","proof.Kant.Dom.mem_proofsOf","PROVEN","VALID","PROVEN","0ceae135a6bf5cbe446ea5ad71b8dd09ed09a90c06d96b18d64d2d11737c31e3"
"obj.Kant.Wasm.instInhabitedFunc","--","--","ASSERTED","--","UNPROVEN","803e0cb02de09c4716e007660ebd6434870d6b70f76907ada8a1f65320c1851a"
"obj.Kant.Credits.Ledger.empty","--","--","ASSERTED","--","UNPROVEN","93e1db92f05324071d4579a28353fb7408bfb8ea3c4b78adf7113ef05077011a"
"obj.Kant.Codec.Tests.tNested","--","--","ASSERTED","--","UNPROVEN","829046ea445507c868777b85c60dc93b1ec91e75cb13116e121fca4a7f0a66e1"
